,PR,TR,포트배당수익률(%)
2014-01-02,1000.0,1000.0,1.5873223188914922
2014-01-03,998.3366515550881,998.3800377850341,1.5873223188914922
2014-01-06,1007.2546752998129,1007.4297761829615,1.5873223188914922
2014-01-07,1009.5309719878611,1009.7503489271448,1.5873223188914922
2014-01-08,1012.4273508449854,1012.6913653361889,1.5873223188914922
2014-01-09,1004.8377943297376,1005.1435098113545,1.5873223188914922
2014-01-10,1003.6459897314344,1003.9949728502044,1.5873223188914922
2014-01-13,1004.2869545857665,1004.7671405696472,1.5873223188914922
2014-01-14,1001.0991932998435,1001.6213821873871,1.5873223188914922
2014-01-15,992.0613605576383,992.621971175042,1.5873223188914922
2014-01-16,987.1963347807405,987.7971225201857,1.5873223188914922
2014-01-17,980.9372457926398,981.5768803984001,1.5873223188914922
2014-01-20,995.3483821494557,996.1272674597503,1.5873223188914922
2014-01-21,989.0775269607226,989.894522646131,1.5873223188914922
2014-01-22,989.9071714384287,990.7679078574262,1.5873223188914922
2014-01-23,988.6416742355804,989.5443125483696,1.5873223188914922
2014-01-24,996.2276516413305,997.180550120695,1.5873223188914922
2014-01-27,984.0754442771117,985.1451411843509,1.5873223188914922
2014-01-28,993.6503015571141,994.7736359092265,1.5873223188914922
2014-01-29,1008.0204151906187,1009.2038517360639,1.5873223188914922
2014-02-03,997.7425507532472,999.1309774621001,1.5873223188914922
2014-02-04,972.5632204687871,973.9589333958519,1.5873223188914922
2014-02-05,971.8876625903151,973.3247034425875,1.5873223188914922
2014-02-06,994.4620678765916,995.975769173173,1.5873223188914922
2014-02-07,1002.7872189048522,1004.3572381487592,1.5873223188914922
2014-02-10,1001.8447685072024,1003.5441327607974,1.5873223188914922
2014-02-11,1006.9950502196198,1008.7469873044071,1.5873223188914922
2014-02-12,1009.5499381555064,1011.3502700233475,1.5873223188914922
2014-02-13,1001.2662460788858,1003.0953967701888,1.5873223188914922
2014-02-14,1007.0359848882387,1008.9195201948777,1.5873223188914922
2014-02-17,1003.1062706707202,1005.1134810768992,1.5873223188914922
2014-02-18,1007.8899043499224,1009.950575828612,1.5873223188914922
2014-02-19,1012.766492514564,1014.8812376904997,1.5873223188914922
2014-02-20,1003.2096420754045,1005.3481207495784,1.5873223188914922
2014-02-21,1020.1867344917498,1022.4058324722492,1.5873223188914922
2014-02-24,1011.4390702977482,1013.7712942239832,1.5873223188914922
2014-02-25,1009.8069341189532,1012.1793804914349,1.5873223188914922
2014-02-26,1019.0185908086404,1021.4570681816028,1.5873223188914922
2014-02-27,1016.6749138196836,1019.1520717645736,1.5873223188914922
2014-02-28,1020.9109618420184,1023.4429164190416,1.5873223188914922
2014-03-03,1016.8579689516914,1019.5127739388819,1.5873223188914922
2014-03-04,1016.591106906186,1019.2895100570996,1.5873223188914922
2014-03-05,1024.1319009150086,1026.894945472083,1.5873223188914922
2014-03-06,1025.3286433226908,1028.1395960968011,1.5873223188914922
2014-03-07,1021.7065387471633,1024.5520850499377,1.5873223188914922
2014-03-10,1014.9870030786856,1017.9465328974075,1.5873223188914922
2014-03-11,1018.319847741356,1021.333479278518,1.5873223188914922
2014-03-12,1017.6824478028466,1020.7385508642858,1.5873223188914922
2014-03-13,1027.8537838075727,1030.985234559581,1.5873223188914922
2014-03-14,1034.6041273068822,1037.8012429416046,1.5873223188914922
2014-03-17,1012.340551090979,1015.6012605226738,1.5873223188914922
2014-03-18,1019.6333283687745,1022.9619820300014,1.5873223188914922
2014-03-19,1024.8250834225164,1028.2153686498098,1.5873223188914922
2014-03-20,1037.5456444224246,1041.023250659484,1.5873223188914922
2014-03-21,1042.472394459946,1046.0119701444985,1.5873223188914922
2014-03-24,1038.3459846271287,1042.0073842147178,1.5873223188914922
2014-03-25,1034.7786284823032,1038.4725774302335,1.5873223188914922
2014-03-26,1062.6408642889066,1066.480621395578,1.5873223188914922
2014-03-27,1063.1552003731074,1067.0431860857618,1.5873223188914922
2014-03-28,1064.191202876092,1068.1293945781515,1.5873223188914922
2014-03-31,1046.7093799720956,1050.7198480092804,1.5873223188914922
2014-04-01,1052.5872524060799,1056.6661606656876,1.5873223188914922
2014-04-02,1062.7392529072122,1066.9038654926471,1.5873223188914922
2014-04-03,1067.587751360996,1071.81794160768,1.5873223188914922
2014-04-04,1070.970826625984,1075.2611491322389,1.5873223188914922
2014-04-07,1081.6506768279623,1086.1253686802836,1.5873223188914922
2014-04-08,1087.4185117394156,1091.9645177034115,1.5873223188914922
2014-04-09,1080.4162346878074,1084.9801168694748,1.5873223188914922
2014-04-10,1087.4381977060477,1092.0792000649942,1.5873223188914922
2014-04-11,1074.6444871184128,1079.2777898572558,1.5873223188914922
2014-04-14,1074.679739788533,1079.4539105695271,1.5873223188914922
2014-04-15,1072.515541027148,1077.3269145393724,1.5873223188914922
2014-04-16,1071.507753439676,1076.3613809883116,1.5873223188914922
2014-04-17,1065.4275095487874,1070.3001069431884,1.5873223188914922
2014-04-18,1086.3290260417934,1091.344640025249,1.5873223188914922
2014-04-21,1096.5437565323675,1101.7501547928866,1.5873223188914922
2014-04-22,1109.8761942516362,1115.1943576162423,1.5873223188914922
2014-04-23,1110.7472150061121,1116.1180547441686,1.5873223188914922
2014-04-24,1108.8745666438112,1114.2847745504966,1.5873223188914922
2014-04-25,1114.2575001194016,1119.7426316407448,1.5873223188914922
2014-04-28,1115.1141140652028,1120.749561714191,1.5873223188914922
2014-04-29,1100.80229369738,1106.4134947578639,1.5873223188914922
2014-04-30,1099.5042026231408,1105.156813216411,1.5873223188914922
2014-05-02,1115.1315172221296,1120.9618908994955,1.5873223188914922
2014-05-07,1107.7774362640218,1113.8113300948,1.5873223188914922
2014-05-08,1109.9167980394095,1116.0108427138143,1.5873223188914922
2014-05-09,1116.2320754014413,1122.4095705059672,1.5873223188914922
2014-05-12,1107.6932445137147,1113.9686990362488,1.5873223188914922
2014-05-13,1114.4336850928678,1120.796032493019,1.5873223188914922
2014-05-14,1122.7279589783352,1129.1867293743644,1.5873223188914922
2014-05-15,1117.8500244410616,1124.3295928845648,1.5873223188914922
2014-05-16,1115.622495555786,1122.1379165562432,1.5873223188914922
2014-05-19,1094.0425607722925,1100.5754207836512,1.5873223188914922
2014-05-20,1100.2538223710105,1106.8718726288378,1.5873223188914922
2014-05-21,1116.34964893152,1123.1133226480435,1.5873223188914922
2014-05-22,1120.710291064398,1127.5493842776712,1.5873223188914922
2014-05-23,1124.5411427630884,1131.4527827302754,1.5873223188914922
2014-05-26,1120.1969137997169,1127.2287972403446,1.5873223188914922
2014-05-27,1108.9487278707118,1115.958498150691,1.5873223188914922
2014-05-28,1109.8070656971286,1116.8707970508647,1.5873223188914922
2014-05-29,1137.084298121371,1144.3713748955556,1.5873223188914922
2014-05-30,1137.1072897955553,1144.4442476013228,1.5873223188914922
2014-06-02,1142.590197295863,1150.1124594652424,1.5873223188914922
2014-06-03,1142.487908663165,1150.059475120412,1.5873223188914922
2014-06-05,1143.890473781743,1151.5714178774947,1.5873223188914922
2014-06-09,1126.6648379100443,1134.4272839172688,1.5873223188914922
2014-06-10,1140.7486213697507,1148.6580180150581,1.5873223188914922
2014-06-11,1149.3525075272416,1157.3718548166955,1.5873223188914922
2014-06-12,1153.5066879153292,1161.6054995174372,1.5873223188914922
2014-06-13,1136.9569043864935,1144.9892767412161,1.5873223188914922
2014-06-16,1146.5119495328854,1154.7623595156497,1.5873223188914922
2014-06-17,1157.656561256065,1166.0378410067187,1.5873223188914922
2014-06-18,1155.6949571923174,1164.1126235993597,1.5873223188914922
2014-06-19,1161.1404595912065,1169.648618064109,1.5873223188914922
2014-06-20,1145.2456816607387,1153.6875078621272,1.5873223188914922
2014-06-23,1142.5021501710025,1151.073805591195,1.5873223188914922
2014-06-24,1138.5473757910274,1147.1392112040842,1.5873223188914922
2014-06-25,1119.9069726625585,1128.4071785211931,1.5873223188914922
2014-06-26,1135.3236475201547,1143.9905814550561,1.5873223188914922
2014-06-27,1128.8981701124007,1137.5654874306135,1.5873223188914922
2014-06-30,1137.5817437245455,1146.4651822736664,1.5873223188914922
2014-07-01,1144.1458513408377,1153.1306605383973,1.5873223188914922
2014-07-02,1158.6837011652733,1167.8334240633728,1.5873223188914922
2014-07-03,1161.628382529171,1170.8522398438988,1.5873223188914922
2014-07-04,1155.5734033817675,1164.7997996817282,1.5873223188914922
2014-07-07,1158.5235108507425,1167.9257106772438,1.5873223188914922
2014-07-08,1152.774989998919,1162.1810411699987,1.5873223188914922
2014-07-09,1142.6881548302088,1152.0619673412739,1.5873223188914922
2014-07-10,1135.6304166416755,1144.996090085848,1.5873223188914922
2014-07-11,1131.7691957059994,1141.1526158659192,1.5873223188914922
2014-07-14,1134.3702265562833,1143.9243320052458,1.5873223188914922
2014-07-15,1160.0122244565882,1169.8331337477175,1.5873223188914922
2014-07-16,1170.3574736650614,1180.3172606362455,1.5873223188914922
2014-07-17,1187.2088392368894,1197.364065379973,1.5873223188914922
2014-07-18,1184.033829923682,1194.2137939650097,1.5873223188914922
2014-07-21,1181.2215602064089,1191.53267168139,1.5873223188914922
2014-07-22,1181.2894445231207,1191.6529337917311,1.5873223188914922
2014-07-23,1176.248225232435,1186.6190541892938,1.5873223188914922
2014-07-24,1161.0444418184463,1171.3321231214431,1.5873223188914922
2014-07-25,1158.5939116603506,1168.9106764359813,1.5873223188914922
2014-07-28,1141.08035105418,1151.3912590423574,1.5873223188914922
2014-07-29,1120.2004599157613,1130.3718174167748,1.5873223188914922
2014-07-30,1129.0031633763215,1139.3039592406299,1.5873223188914922
2014-07-31,1109.9846651842886,1120.1606185320052,1.5873223188914922
2014-08-01,1105.5661545681126,1115.7500872838284,1.5873223188914922
2014-08-04,1134.678148381779,1145.2795434795012,1.5873223188914922
2014-08-05,1142.0080480318452,1152.728020682452,1.5873223188914922
2014-08-06,1131.6250650045583,1142.297213495901,1.5873223188914922
2014-08-07,1124.851289377678,1135.508901021084,1.5873223188914922
2014-08-08,1107.6012741458112,1118.1440380981383,1.5873223188914922
2014-08-11,1102.8943005026488,1113.5374199943285,1.5873223188914922
2014-08-12,1091.1179552049175,1101.6953069043093,1.5873223188914922
2014-08-13,1113.6728851718437,1124.5177532333134,1.5873223188914922
2014-08-14,1115.8254723218618,1126.7402664579377,1.5873223188914922
2014-08-18,1106.921842568513,1117.9438460273777,1.5873223188914922
2014-08-19,1101.5255570110287,1112.5421751205397,1.5873223188914922
2014-08-20,1106.0461997096975,1117.1565776958955,1.5873223188914922
2014-08-21,1118.2533716506073,1129.5354580695148,1.5873223188914922
2014-08-22,1114.039681410963,1125.3281587701824,1.5873223188914922
2014-08-25,1111.8932383213723,1123.3063985379538,1.5873223188914922
2014-08-26,1113.3635610173994,1124.8406953196431,1.5873223188914922
2014-08-27,1103.688994691569,1115.1148576322166,1.5873223188914922
2014-08-28,1107.5987370721348,1119.1137082548305,1.5873223188914922
2014-08-29,1106.025525405857,1117.5727068892688,1.5873223188914922
2014-09-01,1132.0674780556199,1144.035678836762,1.5873223188914922
2014-09-02,1110.2137634416124,1121.9996853952362,1.5873223188914922
2014-09-03,1089.7555445263802,1101.3721459260162,1.5873223188914922
2014-09-04,1090.6867670885945,1102.3612000567107,1.5873223188914922
2014-09-05,1102.2216911509345,1114.0680046430468,1.5873223188914922
2014-09-11,1126.994069523237,1139.4036516351584,1.5873223188914922
2014-09-12,1116.3283714356737,1128.669559349311,1.5873223188914922
2014-09-15,1100.3545330836375,1112.664172963512,1.5873223188914922
2014-09-16,1105.7437364165996,1118.1622567467214,1.5873223188914922
2014-09-17,1117.1388245179785,1129.7344166284188,1.5873223188914922
2014-09-18,1106.3839520803715,1118.9069083515358,1.5873223188914922
2014-09-19,1113.235591553394,1125.8850274372392,1.5873223188914922
2014-09-22,1104.323949378607,1117.0177371721854,1.5873223188914922
2014-09-23,1088.2453173379931,1100.8021244616382,1.5873223188914922
2014-09-24,1096.0913540814115,1108.786877477213,1.5873223188914922
2014-09-25,1097.8993342807812,1110.6640643970675,1.5873223188914922
2014-09-26,1112.868959755979,1125.8566602047704,1.5873223188914922
2014-09-29,1116.9286488288724,1130.1110473872075,1.5873223188914922
2014-09-30,1114.3239638863622,1127.5246194227009,1.5873223188914922
2014-10-01,1099.332287601633,1112.403688024238,1.5873223188914922
2014-10-02,1096.2401221567206,1109.3229632125767,1.5873223188914922
2014-10-06,1067.9037538108448,1080.8362741059068,1.5873223188914922
2014-10-07,1088.8439768656872,1102.0779798909762,1.5873223188914922
2014-10-08,1073.792176138666,1086.8904695002404,1.5873223188914922
2014-10-10,1057.4827440225463,1070.4751266877927,1.5873223188914922
2014-10-13,1021.5282369778066,1034.2136960828284,1.5873223188914922
2014-10-14,1046.10892821718,1059.1456601676164,1.5873223188914922
2014-10-15,1039.9974121383061,1053.0037416517084,1.5873223188914922
2014-10-16,1046.9620685960433,1060.1015673587926,1.5873223188914922
2014-10-17,1024.0776211467085,1036.9749808020842,1.5873223188914922
2014-10-20,1038.8367213586982,1052.0571035824303,1.5873223188914922
2014-10-21,1030.772518802102,1043.9356407727453,1.5873223188914922
2014-10-22,1058.991967493316,1072.5620660501029,1.5873223188914922
2014-10-23,1059.2204920128397,1072.8401409356413,1.5873223188914922
2014-10-24,1058.6110710801702,1072.2694811742501,1.5873223188914922
2014-10-27,1054.6705131779188,1068.4173587542484,1.5873223188914922
2014-10-28,1054.2101884569543,1067.997445610722,1.5873223188914922
2014-10-29,1065.4355995420863,1079.4165735817157,1.5873223188914922
2014-10-30,1072.7761769407912,1086.9007093374316,1.5873223188914922
2014-10-31,1095.8488592940955,1110.3254253952052,1.5873223188914922
2014-11-03,1092.7091054584832,1107.288538790763,1.5873223188914922
2014-11-04,1069.8400746441584,1084.1614927288765,1.5873223188914922
2014-11-05,1079.6439287973067,1094.1441340262745,1.5873223188914922
2014-11-06,1089.7927982090443,1104.4773051340521,1.5873223188914922
2014-11-07,1104.2402425831492,1119.168058111774,1.5873223188914922
2014-11-10,1120.2781062391437,1135.570763079182,1.5873223188914922
2014-11-11,1129.4432586321436,1144.910780805713,1.5873223188914922
2014-11-12,1148.5282686436294,1164.307753483757,1.5873223188914922
2014-11-13,1149.2073359926824,1165.0467794579079,1.5873223188914922
2014-11-14,1146.5595584171892,1162.4130223016255,1.5873223188914922
2014-11-17,1117.7124861350126,1133.3148192129931,1.5873223188914922
2014-11-18,1123.9351266868953,1139.6738490139626,1.5873223188914922
2014-11-19,1128.343079302045,1144.1932499848367,1.5873223188914922
2014-11-20,1124.758986373426,1140.608377231316,1.5873223188914922
2014-11-21,1146.580434621483,1162.7878503385805,1.5873223188914922
2014-11-24,1142.0635041418207,1158.358072955511,1.5873223188914922
2014-11-25,1135.7097760170277,1151.9637524860145,1.5873223188914922
2014-11-26,1137.1697366581457,1153.4947346874378,1.5873223188914922
2014-11-27,1143.5753256103671,1160.042692631549,1.5873223188914922
2014-11-28,1140.3177944142776,1156.7885234500043,1.5873223188914922
2014-12-01,1140.8778488959751,1157.5075583600571,1.5873223188914922
2014-12-02,1146.8895454347648,1163.657451460113,1.5873223188914922
2014-12-03,1150.5557468069906,1167.4279863976813,1.5873223188914922
2014-12-04,1157.9514045899234,1174.9831580628372,1.5873223188914922
2014-12-05,1142.0910730761684,1158.9399081378338,1.5873223188914922
2014-12-08,1162.739645769668,1180.0469305797762,1.5873223188914922
2014-12-09,1175.1198736784222,1192.663266295332,1.5873223188914922
2014-12-10,1158.3130745889891,1175.65664817517,1.5873223188914922
2014-12-11,1145.1891136851161,1162.3866938895862,1.5873223188914922
2014-12-12,1139.1547400000445,1156.311949982634,1.5873223188914922
2014-12-15,1124.5750334021918,1141.6614786383375,1.5873223188914922
2014-12-16,1112.9695006358356,1129.9287178886273,1.5873223188914922
2014-12-17,1109.1000736656938,1126.049263631367,1.5873223188914922
2014-12-18,1109.1080078808586,1126.1062558773513,1.5873223188914922
2014-12-19,1143.6237763967074,1161.2014767878884,1.5873223188914922
2014-12-22,1154.7010532482386,1172.6018720351412,1.5873223188914922
2014-12-23,1145.2038349901147,1163.0079630149842,1.5873223188914922
2014-12-24,1145.9337195241774,1163.7997696507107,1.5873223188914922
2014-12-26,1149.4451308719658,1167.467390775352,1.5873223188914922
2014-12-29,1151.4865175726222,1169.6932640957157,1.5873223188914922
2014-12-30,1143.9533595136008,1162.0914959717713,1.5873223188914922
2015-01-02,1149.0209300076347,1167.4287266367626,1.9746208093398376
2015-01-05,1142.8955537430315,1161.393551105137,1.9746208093398376
2015-01-06,1132.9960978396255,1151.3961141002803,1.9746208093398376
2015-01-07,1140.5727787787623,1159.1585046433875,1.9746208093398376
2015-01-08,1163.4713725363285,1182.4941575878663,1.9746208093398376
2015-01-09,1178.4304319201153,1197.7625480976071,1.9746208093398376
2015-01-12,1191.8649799028528,1211.6139650200746,1.9746208093398376
2015-01-13,1184.8194296047054,1204.5167865124579,1.9746208093398376
2015-01-14,1191.2097895065253,1211.0788547255136,1.9746208093398376
2015-01-15,1185.6589185994487,1205.5005652102257,1.9746208093398376
2015-01-16,1172.070878628148,1191.7495585488198,1.9746208093398376
2015-01-19,1194.704493976558,1214.9602029715934,1.9746208093398376
2015-01-20,1194.477985822955,1214.7955254016854,1.9746208093398376
2015-01-21,1208.1760362672705,1228.7930012216978,1.9746208093398376
2015-01-22,1205.3794730296738,1226.0149933761827,1.9746208093398376
2015-01-23,1227.4375842973707,1248.5182229211584,1.9746208093398376
2015-01-26,1255.0273787065753,1276.7889028820193,1.9746208093398376
2015-01-27,1263.3303747252035,1285.3053511893459,1.9746208093398376
2015-01-28,1268.1343598194187,1290.2626497416256,1.9746208093398376
2015-01-29,1257.7388931759442,1279.754970164086,1.9746208093398376
2015-01-30,1256.6580397857294,1278.7243238636602,1.9746208093398376
2015-02-02,1263.7550458067706,1286.154512837203,1.9746208093398376
2015-02-03,1268.2870009784094,1290.836576449972,1.9746208093398376
2015-02-04,1299.8262142836322,1323.0080636798518,1.9746208093398376
2015-02-05,1287.374507348879,1310.4051253482435,1.9746208093398376
2015-02-06,1287.3243330571909,1310.4248940438247,1.9746208093398376
2015-02-09,1279.9257993770577,1303.1049081726223,1.9746208093398376
2015-02-10,1279.4869665769838,1302.7285527566253,1.9746208093398376
2015-02-11,1286.2301357458584,1309.6650095476252,1.9746208093398376
2015-02-12,1313.3213459847682,1337.322111226185,1.9746208093398376
2015-02-13,1329.3152212276107,1353.6814513207069,1.9746208093398376
2015-02-16,1321.91643812322,1346.3653760756856,1.9746208093398376
2015-02-17,1316.23254204216,1340.6488304035756,1.9746208093398376
2015-02-23,1317.3173006806528,1342.1889401733174,1.9746208093398376
2015-02-24,1302.2544396460473,1326.9134163881856,1.9746208093398376
2015-02-25,1304.765963546435,1329.5443716851441,1.9746208093398376
2015-02-26,1317.8132762357732,1342.9120586842344,1.9746208093398376
2015-02-27,1335.0136173637281,1360.5135420745628,1.9746208093398376
2015-03-02,1336.5871321270877,1362.3380293688476,1.9746208093398376
2015-03-03,1332.9245497570553,1358.6783322426602,1.9746208093398376
2015-03-04,1321.760739846668,1347.3716613524282,1.9746208093398376
2015-03-05,1327.8447621624982,1353.6467470452797,1.9746208093398376
2015-03-06,1343.423194744718,1369.6019312326362,1.9746208093398376
2015-03-09,1314.7492267009131,1340.586595149698,1.9746208093398376
2015-03-10,1307.399868395973,1333.1648776131192,1.9746208093398376
2015-03-11,1310.1657875393516,1336.0575311608286,1.9746208093398376
2015-03-12,1313.3144037786496,1339.340774704814,1.9746208093398376
2015-03-13,1315.8155782647468,1341.9640613335002,1.9746208093398376
2015-03-16,1331.9045462015602,1358.5930662696637,1.9746208093398376
2015-03-17,1338.298316086641,1365.188754714683,1.9746208093398376
2015-03-18,1322.2926269154734,1348.9343854842439,1.9746208093398376
2015-03-19,1296.242009976593,1322.4303862359195,1.9746208093398376
2015-03-20,1301.0996699217026,1327.4579483594116,1.9746208093398376
2015-03-23,1309.7802415907827,1336.5311072314835,1.9746208093398376
2015-03-24,1316.107595655802,1343.0602955910958,1.9746208093398376
2015-03-25,1338.7402560480907,1366.2303098980944,1.9746208093398376
2015-03-26,1308.6033758546378,1335.5467895266056,1.9746208093398376
2015-03-27,1294.4281768427888,1321.1511515117393,1.9746208093398376
2015-03-30,1337.8592454730244,1365.7003001968621,1.9746208093398376
2015-03-31,1341.5292748274676,1369.5207386836719,1.9746208093398376
2015-04-01,1348.5000925891948,1376.7114289107226,1.9746208093398376
2015-04-02,1349.9536191338664,1378.269872234684,1.9746208093398376
2015-04-03,1346.280335436054,1374.5938482665929,1.9746208093398376
2015-04-06,1373.4065136690276,1402.5179475700756,1.9746208093398376
2015-04-07,1386.0527165071894,1415.5087271945074,1.9746208093398376
2015-04-08,1379.783897833948,1409.1828646800175,1.9746208093398376
2015-04-09,1379.500611703461,1408.9697104342956,1.9746208093398376
2015-04-10,1388.4076212427026,1418.143656626461,1.9746208093398376
2015-04-13,1390.1148341509727,1420.1177201331861,1.9746208093398376
2015-04-14,1357.4096317565645,1386.781608844883,1.9746208093398376
2015-04-15,1360.689551790016,1390.2076542091063,1.9746208093398376
2015-04-16,1368.82191244368,1398.5920409658847,1.9746208093398376
2015-04-17,1369.129288606103,1398.9817300687291,1.9746208093398376
2015-04-20,1351.033701229274,1380.7154843307412,1.9746208093398376
2015-04-21,1356.9140565740925,1386.7999985887795,1.9746208093398376
2015-04-22,1332.7119732137257,1362.1385021333044,1.9746208093398376
2015-04-23,1347.6481898438112,1377.4789786910305,1.9746208093398376
2015-04-24,1340.4472618204081,1370.192726529846,1.9746208093398376
2015-04-27,1349.8449323563302,1380.0227227448702,1.9746208093398376
2015-04-28,1361.2175050191381,1391.7247817743507,1.9746208093398376
2015-04-29,1364.1023130049057,1394.749642495353,1.9746208093398376
2015-04-30,1347.6410403393236,1377.9930271679293,1.9746208093398376
2015-05-04,1345.893341118724,1376.5035684579204,1.9746208093398376
2015-05-06,1303.9588487268838,1333.759538269892,1.9746208093398376
2015-05-07,1331.3385664892392,1361.838612368636,1.9746208093398376
2015-05-08,1341.22604778249,1372.0267797577515,1.9746208093398376
2015-05-11,1361.9610632523627,1393.463931162863,1.9746208093398376
2015-05-12,1347.7030970679898,1378.9507158432323,1.9746208093398376
2015-05-13,1371.8338919401174,1403.7168871728968,1.9746208093398376
2015-05-14,1372.2776048551607,1404.2468250142063,1.9746208093398376
2015-05-15,1382.269090010914,1414.5475458535293,1.9746208093398376
2015-05-18,1364.1236360972612,1396.2047719970585,1.9746208093398376
2015-05-19,1367.0237133219225,1399.248694882903,1.9746208093398376
2015-05-20,1371.2973327523187,1403.698939665674,1.9746208093398376
2015-05-21,1353.6023469157808,1385.6607568245363,1.9746208093398376
2015-05-22,1354.0201145442782,1386.1633537160958,1.9746208093398376
2015-05-26,1349.7358821184778,1382.0762249543252,1.9746208093398376
2015-05-27,1327.4281490054082,1359.3074706050338,1.9746208093398376
2015-05-28,1346.1632439534148,1378.5670291698184,1.9746208093398376
2015-05-29,1345.274319485757,1377.7311863229481,1.9746208093398376
2015-06-01,1349.7890963799946,1382.579088658327,1.9746208093398376
2015-06-02,1350.475663958633,1383.357118048917,1.9746208093398376
2015-06-03,1364.4667631685027,1397.7644353901367,1.9746208093398376
2015-06-04,1379.347576050143,1413.0847814826534,1.9746208093398376
2015-06-05,1384.9255743635822,1418.8759143839186,1.9746208093398376
2015-06-08,1363.7141400422518,1397.3710967535246,1.9746208093398376
2015-06-09,1351.8622736700672,1385.3016104101034,1.9746208093398376
2015-06-10,1354.1003092968658,1387.6700219413754,1.9746208093398376
2015-06-11,1330.321098270244,1363.3749998017847,1.9746208093398376
2015-06-12,1332.1478467937497,1365.3209449647566,1.9746208093398376
2015-06-15,1327.2395517738998,1360.511044519384,1.9746208093398376
2015-06-16,1298.3584353453712,1330.977882452505,1.9746208093398376
2015-06-17,1315.8277387988192,1348.9590015312165,1.9746208093398376
2015-06-18,1320.9509587278862,1354.284430754426,1.9746208093398376
2015-06-19,1319.6766644114252,1353.0511252481176,1.9746208093398376
2015-06-22,1326.6750363218714,1360.4470955170723,1.9746208093398376
2015-06-23,1321.7747035218513,1355.4952960921112,1.9746208093398376
2015-06-24,1309.1954378155656,1342.6676967499195,1.9746208093398376
2015-06-25,1313.3154912921418,1346.965903784891,1.9746208093398376
2015-06-26,1284.4945023398736,1317.4776711966972,1.9746208093398376
2015-06-29,1255.5918844024532,1288.0417627856784,1.9746208093398376
2015-06-30,1264.2190560203003,1296.9620103042275,1.9746208093398376
2015-07-01,1279.9363259797835,1313.1573418858811,1.9746208093398376
2015-07-02,1274.6489550424435,1307.8034349977174,1.9746208093398376
2015-07-03,1271.1582699751739,1304.2924639257901,1.9746208093398376
2015-07-06,1222.4606079028067,1254.5288762738246,1.9746208093398376
2015-07-07,1223.5621972897484,1255.7272468395408,1.9746208093398376
2015-07-08,1216.3636194500598,1248.4069204523155,1.9746208093398376
2015-07-09,1204.5768445070428,1236.3764779353528,1.9746208093398376
2015-07-10,1208.1163093689138,1240.076418757135,1.9746208093398376
2015-07-13,1210.6372273864456,1242.8655697396764,1.9746208093398376
2015-07-14,1210.0446480671346,1242.3243745040807,1.9746208093398376
2015-07-15,1242.5087855802803,1275.7235054413939,1.9746208093398376
2015-07-16,1267.7417754547528,1301.7013920930222,1.9746208093398376
2015-07-17,1275.9843741959314,1310.235619696201,1.9746208093398376
2015-07-20,1266.4811544441914,1300.688224920216,1.9746208093398376
2015-07-21,1250.8430006361903,1284.6971415699416,1.9746208093398376
2015-07-22,1190.3687169893958,1222.652213464576,1.9746208093398376
2015-07-23,1186.0130472618184,1218.2442727943287,1.9746208093398376
2015-07-24,1167.2728041175947,1199.0595629291583,1.9746208093398376
2015-07-27,1145.3867307870053,1176.7683208182239,1.9746208093398376
2015-07-28,1138.6238779111989,1169.8834206391348,1.9746208093398376
2015-07-29,1134.0370843310493,1165.2336938418077,1.9746208093398376
2015-07-30,1100.9992526189171,1131.3481730811452,1.9746208093398376
2015-07-31,1122.0080798526178,1152.998436501999,1.9746208093398376
2015-08-03,1118.7422384648924,1149.8288476306525,1.9746208093398376
2015-08-04,1139.0909776778076,1170.8063123267702,1.9746208093398376
2015-08-05,1147.3916595460641,1179.4018649232576,1.9746208093398376
2015-08-06,1132.6673841838733,1164.329751017167,1.9746208093398376
2015-08-07,1140.9940851334707,1172.9526239059448,1.9746208093398376
2015-08-10,1139.0204781916555,1171.1136454933724,1.9746208093398376
2015-08-11,1134.0898512367821,1166.107131522215,1.9746208093398376
2015-08-12,1111.1316567201236,1142.5625543031958,1.9746208093398376
2015-08-13,1129.1156919214638,1161.1180782005567,1.9746208093398376
2015-08-17,1126.4072613312765,1158.5833708607188,1.9746208093398376
2015-08-18,1119.234998054428,1151.2684667700923,1.9746208093398376
2015-08-19,1102.2670432724988,1133.8761710158894,1.9746208093398376
2015-08-20,1085.417495098612,1116.6038000427714,1.9746208093398376
2015-08-21,1030.1354196362297,1059.7906469173668,1.9746208093398376
2015-08-24,1019.8675716887329,1049.3973817687383,1.9746208093398376
2015-08-25,1056.3551610119885,1087.000215361114,1.9746208093398376
2015-08-26,1057.6049921835595,1088.3451394817937,1.9746208093398376
2015-08-27,1073.151277600096,1104.402993495309,1.9746208093398376
2015-08-28,1094.818437068768,1126.76204386619,1.9746208093398376
2015-08-31,1090.5891454006521,1122.5913934707687,1.9746208093398376
2015-09-01,1085.0173428390551,1116.9164715992856,1.9746208093398376
2015-09-02,1082.844329551687,1114.7398344826254,1.9746208093398376
2015-09-03,1092.9509702570622,1125.2049970621422,1.9746208093398376
2015-09-04,1078.7792348948544,1110.6750825172592,1.9746208093398376
2015-09-07,1073.6117493937813,1105.5340856185362,1.9746208093398376
2015-09-08,1069.9167745910202,1101.7888078092274,1.9746208093398376
2015-09-09,1087.9691854929706,1120.4395568655118,1.9746208093398376
2015-09-10,1091.5408564227312,1124.1785963382035,1.9746208093398376
2015-09-11,1081.3331990584404,1113.7259309561737,1.9746208093398376
2015-09-14,1086.7437603247035,1119.480107703534,1.9746208093398376
2015-09-15,1077.6093376948213,1110.1305386151041,1.9746208093398376
2015-09-16,1102.2987947101913,1135.626490526716,1.9746208093398376
2015-09-17,1107.2477609885718,1140.7867574917816,1.9746208093398376
2015-09-18,1117.0495463062457,1150.9476623410094,1.9746208093398376
2015-09-21,1098.9769460076618,1132.510276911145,1.9746208093398376
2015-09-22,1100.9631681347958,1134.6184417017344,1.9746208093398376
2015-09-23,1108.5584094405829,1142.5076245633452,1.9746208093398376
2015-09-24,1103.3114545169672,1137.1614575671435,1.9746208093398376
2015-09-25,1106.1689171429584,1140.1682248399613,1.9746208093398376
2015-09-30,1111.185188563777,1145.6482743111412,1.9746208093398376
2015-10-01,1107.3513967835543,1141.7573011348597,1.9746208093398376
2015-10-02,1104.8388767535039,1139.2283018072703,1.9746208093398376
2015-10-05,1109.8071666784845,1144.5368340074199,1.9746208093398376
2015-10-06,1132.904468872527,1168.4200938078166,1.9746208093398376
2015-10-07,1155.5918223676817,1191.8831095133107,1.9746208093398376
2015-10-08,1150.6381067039392,1186.8379822963036,1.9746208093398376
2015-10-12,1155.393410006613,1192.0006035837657,1.9746208093398376
2015-10-13,1159.002709241072,1195.7889023952184,1.9746208093398376
2015-10-14,1157.2129632364345,1194.0068978220631,1.9746208093398376
2015-10-15,1168.351971329901,1205.565245983241,1.9746208093398376
2015-10-16,1160.1131780980993,1197.1287541523334,1.9746208093398376
2015-10-19,1164.1177778360334,1201.455956473559,1.9746208093398376
2015-10-20,1164.8815836032577,1202.309256656108,1.9746208093398376
2015-10-21,1142.639528991374,1179.416322659715,1.9746208093398376
2015-10-22,1129.1020485173601,1165.506133620947,1.9746208093398376
2015-10-23,1128.1634096336654,1164.600188905508,1.9746208093398376
2015-10-26,1139.6062968353297,1176.603450228028,1.9746208093398376
2015-10-27,1133.3355801275122,1170.1924153333332,1.9746208093398376
2015-10-28,1130.1743054206806,1166.9914205267191,1.9746208093398376
2015-10-29,1134.9263431833715,1171.9616183780238,1.9746208093398376
2015-10-30,1134.0016542998537,1171.0700619224065,1.9746208093398376
2015-11-02,1147.577565659932,1185.2819501816007,1.9746208093398376
2015-11-03,1156.8682787662613,1194.9425132199094,1.9746208093398376
2015-11-04,1170.3755236238012,1208.9596567982755,1.9746208093398376
2015-11-05,1180.8407746873547,1219.835862452475,1.9746208093398376
2015-11-06,1161.0146885793433,1199.419896171287,1.9746208093398376
2015-11-09,1146.732516902935,1184.8574212375631,1.9746208093398376
2015-11-10,1137.2835740417,1175.1578617402372,1.9746208093398376
2015-11-11,1129.1891963391668,1166.8570011384547,1.9746208093398376
2015-11-12,1136.4332073906996,1174.4061474236817,1.9746208093398376
2015-11-13,1132.796662355067,1170.7113781352186,1.9746208093398376
2015-11-16,1107.332645875887,1144.5806862150914,1.9746208093398376
2015-11-17,1106.8947465117521,1144.1899110034253,1.9746208093398376
2015-11-18,1102.6871027077202,1139.9021191810248,1.9746208093398376
2015-11-19,1128.5112641263543,1166.6608990924772,1.9746208093398376
2015-11-20,1132.9347550781013,1171.2972468268651,1.9746208093398376
2015-11-23,1118.951376545907,1157.0279987014674,1.9746208093398376
2015-11-24,1114.148227854998,1152.123687352751,1.9746208093398376
2015-11-25,1142.2585022264298,1181.2559510991507,1.9746208093398376
2015-11-26,1170.8834252507231,1210.9236092509125,1.9746208093398376
2015-11-27,1172.1100314042058,1212.257694854302,1.9746208093398376
2015-11-30,1150.7313417902237,1190.3397580698045,1.9746208093398376
2015-12-01,1163.1372091484632,1203.2376841329458,1.9746208093398376
2015-12-02,1175.4136817994224,1216.0031383236803,1.9746208093398376
2015-12-03,1178.2074230707847,1218.9592492593538,1.9746208093398376
2015-12-04,1172.3493176784084,1212.9640957059776,1.9746208093398376
2015-12-07,1171.3098868843922,1212.0852069493083,1.9746208093398376
2015-12-08,1150.7816976079873,1190.9067754768137,1.9746208093398376
2015-12-09,1152.2411918108933,1192.4816235045098,1.9746208093398376
2015-12-10,1150.23916901478,1190.4740389605015,1.9746208093398376
2015-12-11,1150.3541544022426,1190.6574125325285,1.9746208093398376
2015-12-14,1127.033060188369,1166.7084453034502,1.9746208093398376
2015-12-15,1148.5481914565312,1189.0452610365617,1.9746208093398376
2015-12-16,1156.6333733464298,1197.4802561162533,1.9746208093398376
2015-12-17,1167.8113798540467,1209.1183815810532,1.9746208093398376
2015-12-18,1175.2578059438606,1216.8939817850996,1.9746208093398376
2015-12-21,1193.7913988768864,1236.2846455052422,1.9746208093398376
2015-12-22,1204.108157759406,1247.036045341548,1.9746208093398376
2015-12-23,1213.2030823024618,1256.5231414561244,1.9746208093398376
2015-12-24,1199.6670543103116,1242.5709525470365,1.9746208093398376
2015-12-28,1188.3955942919767,1231.1625691006532,1.9746208093398376
2015-12-29,1188.8811206511903,1231.7321546865592,1.9746208093398376
2015-12-30,1198.3817847156956,1241.642374972779,1.9746208093398376
2016-01-04,1179.2968155632843,1222.1370475169338,1.6057980042211635
2016-01-05,1187.4704585162353,1230.6617166868486,1.6057980042211635
2016-01-06,1187.9195604959439,1231.18127933326,1.6057980042211635
2016-01-07,1160.4539730625036,1202.7683252572954,1.6057980042211635
2016-01-08,1162.6346456779918,1205.0814913887114,1.6057980042211635
2016-01-11,1137.6346122192224,1179.3242512045222,1.6057980042211635
2016-01-12,1132.953043019757,1174.522756573271,1.6057980042211635
2016-01-13,1149.8639278996716,1192.1065345815982,1.6057980042211635
2016-01-14,1137.248408263806,1179.079393175382,1.6057980042211635
2016-01-15,1145.551007811965,1187.7396000602166,1.6057980042211635
2016-01-18,1162.4802010452795,1205.451234849666,1.6057980042211635
2016-01-19,1171.5117603228025,1214.8700539802605,1.6057980042211635
2016-01-20,1127.9094837878606,1169.7054563270365,1.6057980042211635
2016-01-21,1129.5219498723152,1171.4291730435198,1.6057980042211635
2016-01-22,1141.8220651456631,1184.2377058805414,1.6057980042211635
2016-01-25,1143.8924350121458,1186.5414604049095,1.6057980042211635
2016-01-26,1129.3382902422645,1171.4961789297756,1.6057980042211635
2016-01-27,1134.4762864319682,1176.8777135012397,1.6057980042211635
2016-01-28,1144.0162359089816,1186.826397511812,1.6057980042211635
2016-01-29,1134.1506952347377,1176.6434071355793,1.6057980042211635
2016-02-01,1155.9592527655084,1199.42723130776,1.6057980042211635
2016-02-02,1162.4893945125075,1206.2559584077715,1.6057980042211635
2016-02-03,1152.827875341279,1196.2832842044033,1.6057980042211635
2016-02-04,1165.8673014032302,1209.8674151788548,1.6057980042211635
2016-02-05,1167.9989298057376,1212.1327800435447,1.6057980042211635
2016-02-11,1106.6976947244502,1148.8181871251134,1.6057980042211635
2016-02-12,1095.6621965574018,1137.4126855192176,1.6057980042211635
2016-02-15,1128.3446946359509,1171.4950502583115,1.6057980042211635
2016-02-16,1156.3255221430825,1200.598706701508,1.6057980042211635
2016-02-17,1175.10380130717,1220.1496059861622,1.6057980042211635
2016-02-18,1199.0402428784323,1245.0583501677536,1.6057980042211635
2016-02-19,1197.9742478308326,1244.0061326908826,1.6057980042211635
2016-02-22,1210.7958397857965,1257.4862232005926,1.6057980042211635
2016-02-23,1212.958835219613,1259.7880108126803,1.6057980042211635
2016-02-24,1217.8058688700007,1264.8777828736954,1.6057980042211635
2016-02-25,1210.7781901352214,1257.6337515287128,1.6057980042211635
2016-02-26,1209.5704161670537,1256.4344741593923,1.6057980042211635
2016-02-29,1219.5066481853748,1266.9227556271624,1.6057980042211635
2016-03-02,1230.069363297703,1278.0085274887717,1.6057980042211635
2016-03-03,1234.6012843669355,1282.7734637317642,1.6057980042211635
2016-03-04,1228.296859678273,1276.2791587355089,1.6057980042211635
2016-03-07,1206.6357590435161,1253.9372507269138,1.6057980042211635
2016-03-08,1193.9907732831452,1240.8511179871643,1.6057980042211635
2016-03-09,1184.855896106402,1231.4118617476024,1.6057980042211635
2016-03-10,1199.8039467694184,1247.0020801147011,1.6057980042211635
2016-03-11,1202.16671573219,1249.512727770743,1.6057980042211635
2016-03-14,1199.2489931875843,1246.6444960109711,1.6057980042211635
2016-03-15,1195.0845139376795,1242.3700500289815,1.6057980042211635
2016-03-16,1204.6590828928286,1252.378510557401,1.6057980042211635
2016-03-17,1221.3622248981546,1269.7991274125613,1.6057980042211635
2016-03-18,1220.3307226514164,1268.7824964985411,1.6057980042211635
2016-03-21,1218.968626461573,1267.533476728233,1.6057980042211635
2016-03-22,1222.465337674918,1271.2253863320498,1.6057980042211635
2016-03-23,1222.602489579077,1271.4239036386955,1.6057980042211635
2016-03-24,1208.1324638026922,1256.4312912107312,1.6057980042211635
2016-03-25,1241.0471754557507,1290.718613256824,1.6057980042211635
2016-03-28,1260.9735238639742,1311.6154602338988,1.6057980042211635
2016-03-29,1261.6537634400097,1312.3807143328895,1.6057980042211635
2016-03-30,1265.2089428029724,1316.1366963274074,1.6057980042211635
2016-03-31,1259.4204699869463,1310.1728216956162,1.6057980042211635
2016-04-01,1264.301473610653,1315.3083450162962,1.6057980042211635
2016-04-04,1290.9021716078353,1343.159349351335,1.6057980042211635
2016-04-05,1279.529668436238,1331.385005315675,1.6057980042211635
2016-04-06,1288.5955597550023,1340.8772570739786,1.6057980042211635
2016-04-07,1275.477792283591,1327.2856181029185,1.6057980042211635
2016-04-08,1281.4329907072572,1333.5413326700725,1.6057980042211635
2016-04-11,1270.8123985210898,1322.6632905760503,1.6057980042211635
2016-04-12,1279.4547428446242,1331.7167999172098,1.6057980042211635
2016-04-14,1278.3154523276924,1330.6479645173881,1.6057980042211635
2016-04-15,1299.3231592353113,1352.575161117604,1.6057980042211635
2016-04-18,1292.9611666764447,1346.1299477881303,1.6057980042211635
2016-04-19,1295.64430880462,1348.9827298693056,1.6057980042211635
2016-04-20,1328.398457666452,1383.1460911995687,1.6057980042211635
2016-04-21,1319.9109351619315,1374.3691908035673,1.6057980042211635
2016-04-22,1324.4518785459384,1379.1581202731827,1.6057980042211635
2016-04-25,1317.921748220483,1372.53926864403,1.6057980042211635
2016-04-26,1351.540921996064,1407.613575608084,1.6057980042211635
2016-04-27,1334.0810244671643,1389.4903881951288,1.6057980042211635
2016-04-28,1317.7481481737168,1372.5394867531202,1.6057980042211635
2016-04-29,1328.6422258435107,1383.947376645422,1.6057980042211635
2016-05-02,1304.858862957512,1359.3532894151058,1.6057980042211635
2016-05-03,1311.5261212635899,1366.359058866972,1.6057980042211635
2016-05-04,1298.4511769895457,1352.7969430356388,1.6057980042211635
2016-05-09,1278.6938609211204,1332.5055476675375,1.6057980042211635
2016-05-10,1291.4272586424158,1345.8339751969845,1.6057980042211635
2016-05-11,1289.8841552196814,1344.2849601786888,1.6057980042211635
2016-05-12,1285.4109111320545,1339.6819528886463,1.6057980042211635
2016-05-13,1279.2515240661626,1333.3211277662908,1.6057980042211635
2016-05-16,1278.9098724414596,1333.140844528659,1.6057980042211635
2016-05-17,1283.4759803343193,1337.959393872089,1.6057980042211635
2016-05-18,1264.4618759978348,1318.1960939986395,1.6057980042211635
2016-05-19,1265.6395560537724,1319.481828031631,1.6057980042211635
2016-05-20,1262.0460045875993,1315.7932467621124,1.6057980042211635
2016-05-23,1286.7573804572473,1341.7339576301003,1.6057980042211635
2016-05-24,1290.4493328442134,1345.642806019239,1.6057980042211635
2016-05-25,1316.369314974818,1372.7317535825264,1.6057980042211635
2016-05-26,1319.4048075501266,1375.957706014856,1.6057980042211635
2016-05-27,1340.9068966534885,1398.4429058791864,1.6057980042211635
2016-05-30,1333.7318778246868,1391.1434773031353,1.6057980042211635
2016-05-31,1344.6799610082783,1402.6244926132408,1.6057980042211635
2016-06-01,1353.277302949948,1411.6543682889403,1.6057980042211635
2016-06-02,1350.6443114339077,1408.969737693688,1.6057980042211635
2016-06-03,1361.128132107798,1419.9687107494422,1.6057980042211635
2016-06-07,1370.165851051666,1429.648493786998,1.6057980042211635
2016-06-08,1353.4114581177687,1412.2288318824724,1.6057980042211635
2016-06-09,1355.6583303789675,1414.6355408799598,1.6057980042211635
2016-06-10,1356.8590207101215,1415.9507152401943,1.6057980042211635
2016-06-13,1319.5179228884747,1377.165013837668,1.6057980042211635
2016-06-14,1347.6016669742255,1406.5375151570836,1.6057980042211635
2016-06-15,1383.3085783856561,1443.8695043083576,1.6057980042211635
2016-06-16,1357.475546285388,1416.9678014409874,1.6057980042211635
2016-06-17,1372.502777627088,1432.7165967307224,1.6057980042211635
2016-06-20,1382.5489461566915,1443.393854734215,1.6057980042211635
2016-06-21,1378.6228501403157,1439.3582519449837,1.6057980042211635
2016-06-22,1377.456884867325,1438.2041468617997,1.6057980042211635
2016-06-23,1373.4027670880691,1434.0342819467978,1.6057980042211635
2016-06-24,1334.474499387568,1393.4487101425277,1.6057980042211635
2016-06-27,1340.3162161057369,1399.7331796269364,1.6057980042211635
2016-06-28,1344.417001644693,1404.0774819149349,1.6057980042211635
2016-06-29,1359.346263838686,1419.7316669001386,1.6057980042211635
2016-06-30,1378.8908523894454,1440.20778770829,1.6057980042211635
2016-07-01,1390.2408093064664,1452.1262969279628,1.6057980042211635
2016-07-04,1390.0477033258155,1452.116093762444,1.6057980042211635
2016-07-05,1372.3548762838318,1433.696275615576,1.6057980042211635
2016-07-06,1357.5052176573533,1418.2452177273447,1.6057980042211635
2016-07-07,1373.28460221709,1434.7937095938491,1.6057980042211635
2016-07-08,1374.7603456522002,1436.3986988079657,1.6057980042211635
2016-07-11,1402.4926990699369,1465.5677246405642,1.6057980042211635
2016-07-12,1410.0386750521507,1473.5178490934552,1.6057980042211635
2016-07-13,1432.8569017883729,1497.429170594337,1.6057980042211635
2016-07-14,1473.7783651493664,1540.2624897199723,1.6057980042211635
2016-07-15,1469.4954349911648,1535.8538706746779,1.6057980042211635
2016-07-18,1470.1198932650723,1536.7091823412254,1.6057980042211635
2016-07-19,1454.7744650731422,1520.7355360179947,1.6057980042211635
2016-07-20,1478.8782310996398,1546.0001591605192,1.6057980042211635
2016-07-21,1489.9120957414796,1557.6032944380922,1.6057980042211635
2016-07-22,1473.4110516422074,1540.420278757682,1.6057980042211635
2016-07-25,1486.5718881750356,1554.3846421811234,1.6057980042211635
2016-07-26,1497.0960863978582,1565.4577426795781,1.6057980042211635
2016-07-27,1500.5249351864336,1569.1121444033456,1.6057980042211635
2016-07-28,1488.8324095016476,1556.9536147327306,1.6057980042211635
2016-07-29,1523.572539002664,1593.353319022027,1.6057980042211635
2016-08-01,1560.005809534144,1631.6704386552392,1.6057980042211635
2016-08-02,1549.8719777455474,1621.1423412129911,1.6057980042211635
2016-08-03,1524.1887178115403,1594.3481362502862,1.6057980042211635
2016-08-04,1529.4004168768438,1599.870067443777,1.6057980042211635
2016-08-05,1561.4937757295584,1633.5139940485792,1.6057980042211635
2016-08-08,1540.1483867544757,1611.396603341515,1.6057980042211635
2016-08-09,1524.7581417073557,1595.3645321297483,1.6057980042211635
2016-08-10,1507.6248054390464,1577.5071600637732,1.6057980042211635
2016-08-11,1490.3467800865353,1559.496812280675,1.6057980042211635
2016-08-12,1486.813847827063,1555.868356582859,1.6057980042211635
2016-08-16,1488.7826977242373,1558.202622273561,1.6057980042211635
2016-08-17,1472.2868339486683,1541.0053249945745,1.6057980042211635
2016-08-18,1530.6874832673413,1602.2022415974159,1.6057980042211635
2016-08-19,1545.7899953682095,1618.081488094836,1.6057980042211635
2016-08-22,1541.0294152970537,1613.3110278836832,1.6057980042211635
2016-08-23,1560.0944390528568,1633.3420976469536,1.6057980042211635
2016-08-24,1557.156942930955,1630.3383573966378,1.6057980042211635
2016-08-25,1536.9065032034655,1609.2069561625203,1.6057980042211635
2016-08-26,1536.325861813174,1608.6697207645932,1.6057980042211635
2016-08-29,1504.684775809008,1575.7464941845424,1.6057980042211635
2016-08-30,1518.237469179158,1590.0091409889787,1.6057980042211635
2016-08-31,1495.4282451676684,1566.1905095768989,1.6057980042211635
2016-09-01,1482.0802649490581,1552.2791573809827,1.6057980042211635
2016-09-02,1491.5749491943773,1562.2922405234174,1.6057980042211635
2016-09-05,1492.3462049356622,1563.306224440461,1.6057980042211635
2016-09-06,1504.642205333971,1576.256187105175,1.6057980042211635
2016-09-07,1483.99184156877,1554.6913099133012,1.6057980042211635
2016-09-08,1498.1448616418897,1569.587602732411,1.6057980042211635
2016-09-09,1480.7145177154614,1551.3942528151665,1.6057980042211635
2016-09-12,1414.3339537507427,1482.040555104483,1.6057980042211635
2016-09-13,1455.1808617233019,1524.909913616633,1.6057980042211635
2016-09-19,1505.242452273461,1577.7864333852717,1.6057980042211635
2016-09-20,1515.6530721459392,1588.7686310437819,1.6057980042211635
2016-09-21,1510.289105872479,1583.2155074140037,1.6057980042211635
2016-09-22,1540.0897189101995,1614.5260628060082,1.6057980042211635
2016-09-23,1532.1884804431907,1606.3135553805503,1.6057980042211635
2016-09-26,1535.284444112338,1609.7715870198926,1.6057980042211635
2016-09-27,1545.36319803685,1620.4105673619513,1.6057980042211635
2016-09-28,1524.1226522952952,1598.2087795487842,1.6057980042211635
2016-09-29,1521.5009412401632,1595.5297730070909,1.6057980042211635
2016-09-30,1521.87209368285,1595.9891474675555,1.6057980042211635
2016-10-04,1549.190468445968,1624.923665508428,1.6057980042211635
2016-10-05,1550.426288189222,1626.2913948204985,1.6057980042211635
2016-10-06,1562.8614522152513,1639.4071057699964,1.6057980042211635
2016-10-07,1561.3298809859584,1637.872526256946,1.6057980042211635
2016-10-10,1526.1695512888484,1601.1996556215518,1.6057980042211635
2016-10-11,1488.008819148219,1561.2314871589153,1.6057980042211635
2016-10-12,1484.6735995139165,1557.8006310869714,1.6057980042211635
2016-10-13,1464.8001559392367,1537.0158995723095,1.6057980042211635
2016-10-14,1504.9439215951757,1579.208208725512,1.6057980042211635
2016-10-17,1513.8179722542827,1588.729680883165,1.6057980042211635
2016-10-18,1500.8109027382468,1575.1482001970594,1.6057980042211635
2016-10-19,1516.9550259053053,1592.1619600275424,1.6057980042211635
2016-10-20,1501.22882180985,1575.725361750919,1.6057980042211635
2016-10-21,1515.576010127986,1590.854448557825,1.6057980042211635
2016-10-24,1488.8688724976848,1563.026896526937,1.6057980042211635
2016-10-25,1481.5131354278647,1555.3731606843355,1.6057980042211635
2016-10-26,1491.5423590737614,1565.9712296631708,1.6057980042211635
2016-10-27,1528.824292812042,1605.1841223421509,1.6057980042211635
2016-10-28,1518.0949319060085,1593.9889401674454,1.6057980042211635
2016-10-31,1512.224657250915,1588.0346164266539,1.6057980042211635
2016-11-01,1529.8294663492375,1606.5926091844499,1.6057980042211635
2016-11-02,1499.477599015094,1574.7869899992422,1.6057980042211635
2016-11-03,1495.0024554979825,1570.1561158476418,1.6057980042211635
2016-11-04,1504.4809041818994,1580.1805139901617,1.6057980042211635
2016-11-07,1534.761317743964,1612.1971294033574,1.6057980042211635
2016-11-08,1531.2987990667398,1608.630629929858,1.6057980042211635
2016-11-09,1472.3954693300614,1546.8206362645067,1.6057980042211635
2016-11-10,1520.5941882803693,1597.5258867420607,1.6057980042211635
2016-11-11,1503.5807159842216,1579.7210971093614,1.6057980042211635
2016-11-14,1490.6607077334377,1566.3533916697868,1.6057980042211635
2016-11-15,1473.19329964832,1548.0670813145998,1.6057980042211635
2016-11-16,1510.1035943108366,1586.9230749189378,1.6057980042211635
2016-11-17,1525.5770441332957,1603.254147300505,1.6057980042211635
2016-11-18,1515.3732654377006,1592.6008420962648,1.6057980042211635
2016-11-21,1497.1722221265034,1573.679753778134,1.6057980042211635
2016-11-22,1527.8106311830318,1605.9544287462074,1.6057980042211635
2016-11-23,1528.7680723923875,1607.0314897386963,1.6057980042211635
2016-11-24,1526.915404412996,1605.1545431601949,1.6057980042211635
2016-11-25,1527.6815108044004,1606.0305098284355,1.6057980042211635
2016-11-28,1520.918042210911,1599.131055019083,1.6057980042211635
2016-11-29,1517.1462823770696,1595.2354633378684,1.6057980042211635
2016-11-30,1522.3638546102293,1600.791964418442,1.6057980042211635
2016-12-01,1531.2334778267464,1610.1893146952873,1.6057980042211635
2016-12-02,1514.5474262918624,1592.712890590337,1.6057980042211635
2016-12-05,1498.1793679240557,1575.7078778054165,1.6057980042211635
2016-12-06,1512.4056663305878,1590.740298370253,1.6057980042211635
2016-12-07,1512.9740427282345,1591.4080758168295,1.6057980042211635
2016-12-08,1549.7618017135521,1630.1746141182741,1.6057980042211635
2016-12-09,1545.9743553892142,1626.262142200233,1.6057980042211635
2016-12-12,1541.936081334586,1622.228079038032,1.6057980042211635
2016-12-13,1570.4465252822417,1652.295763329497,1.6057980042211635
2016-12-14,1586.1227398992958,1668.8623651767741,1.6057980042211635
2016-12-15,1592.1550621095973,1675.2830111936048,1.6057980042211635
2016-12-16,1625.51763561363,1710.4626728687106,1.6057980042211635
2016-12-19,1619.6602205861225,1704.5239508309862,1.6057980042211635
2016-12-20,1627.18251376277,1712.5156684767758,1.6057980042211635
2016-12-21,1644.6543679387034,1730.979884519643,1.6057980042211635
2016-12-22,1650.0338586828523,1736.7180872424894,1.6057980042211635
2016-12-23,1650.6584143789046,1737.4518364466676,1.6057980042211635
2016-12-26,1646.31293205829,1733.1064184839474,1.6057980042211635
2016-12-27,1650.6712261676084,1737.7708781250888,1.6057980042211635
2016-12-28,1651.993252164723,1739.239123575232,1.6057980042211635
2016-12-29,1654.4851968860996,1741.9392539596906,1.6057980042211635
2017-01-02,1673.7343532361333,1762.4846622707041,1.4444819127736024
2017-01-03,1691.1027552871149,1780.8444551183463,1.4444819127736024
2017-01-04,1653.2813589833977,1741.0848451786876,1.4444819127736024
2017-01-05,1646.6052055529256,1734.1227084293944,1.4444819127736024
2017-01-06,1666.4956258307004,1755.1397189124696,1.4444819127736024
2017-01-09,1692.9218292026046,1783.1831202320673,1.4444819127736024
2017-01-10,1670.636512473879,1759.7792127682087,1.4444819127736024
2017-01-11,1714.5857658112395,1806.1449596047669,1.4444819127736024
2017-01-12,1693.5616047427727,1784.0686576140681,1.4444819127736024
2017-01-13,1696.0725141479734,1786.7844151704367,1.4444819127736024
2017-01-16,1666.0053493896455,1755.3173849903894,1.4444819127736024
2017-01-17,1681.1739673903787,1771.3692206518149,1.4444819127736024
2017-01-18,1692.89516973356,1783.7898094829932,1.4444819127736024
2017-01-19,1695.6337522751696,1786.7460905431367,1.4444819127736024
2017-01-20,1674.3089894911445,1764.3452467343775,1.4444819127736024
2017-01-23,1713.5771814438629,1805.939329686712,1.4444819127736024
2017-01-24,1723.2500140264779,1816.20535386631,1.4444819127736024
2017-01-25,1748.3324998661126,1842.7137083817881,1.4444819127736024
2017-01-26,1767.0105426169193,1862.4737120819973,1.4444819127736024
2017-01-31,1780.0986094177688,1876.6398759873134,1.4444819127736024
2017-02-01,1790.849080231455,1888.048049320206,1.4444819127736024
2017-02-02,1749.2828367324282,1844.2987182082663,1.4444819127736024
2017-02-03,1756.1006902295346,1851.560119545916,1.4444819127736024
2017-02-06,1743.3177225201518,1838.300361864733,1.4444819127736024
2017-02-07,1711.4273462680121,1804.7438462908785,1.4444819127736024
2017-02-08,1735.421114132602,1830.118261516548,1.4444819127736024
2017-02-09,1726.087158410553,1820.3469653519833,1.4444819127736024
2017-02-10,1695.6884136083827,1788.3588998122752,1.4444819127736024
2017-02-13,1708.281040998423,1801.8534750079318,1.4444819127736024
2017-02-14,1672.2569370272852,1763.9258790417716,1.4444819127736024
2017-02-15,1670.3444240731642,1761.9782064463375,1.4444819127736024
2017-02-16,1701.453885804359,1794.865288892565,1.4444819127736024
2017-02-17,1700.3384570547753,1793.7595584318012,1.4444819127736024
2017-02-20,1717.9501618174631,1812.5539187599402,1.4444819127736024
2017-02-21,1726.5329744309095,1821.6814086558884,1.4444819127736024
2017-02-22,1731.0990288898224,1826.5713302124598,1.4444819127736024
2017-02-23,1705.9416731390695,1800.0977014829714,1.4444819127736024
2017-02-24,1669.7366649777164,1761.9641095044065,1.4444819127736024
2017-02-27,1661.1643344499823,1753.1262606347077,1.4444819127736024
2017-02-28,1675.1013769815963,1767.9047706462907,1.4444819127736024
2017-03-02,1678.4485075995406,1771.5774506054609,1.4444819127736024
2017-03-03,1670.7844088008387,1763.557850249268,1.4444819127736024
2017-03-06,1706.5201395796912,1801.4915840909323,1.4444819127736024
2017-03-07,1705.2358999547362,1800.2070651630777,1.4444819127736024
2017-03-08,1690.120545681994,1784.320441588413,1.4444819127736024
2017-03-09,1682.823217923839,1776.6866540298622,1.4444819127736024
2017-03-10,1704.0481560284964,1799.1666133384647,1.4444819127736024
2017-03-13,1731.8665560270267,1828.754755482332,1.4444819127736024
2017-03-14,1727.3547750069642,1824.0627004137737,1.4444819127736024
2017-03-15,1698.7836449758593,1793.9629275195255,1.4444819127736024
2017-03-16,1713.7644870400197,1809.8546875928173,1.4444819127736024
2017-03-17,1698.2082603154252,1793.4971544372584,1.4444819127736024
2017-03-20,1697.7864939951116,1793.264455739943,1.4444819127736024
2017-03-21,1696.869008715282,1792.3662553538286,1.4444819127736024
2017-03-22,1702.2276399965751,1798.097570296696,1.4444819127736024
2017-03-23,1686.2056368719082,1781.2436449451875,1.4444819127736024
2017-03-24,1697.4714502366853,1793.2153375014261,1.4444819127736024
2017-03-27,1708.8003579761826,1805.3974118588199,1.4444819127736024
2017-03-28,1704.3628949375254,1800.7803167593509,1.4444819127736024
2017-03-29,1728.2569833154748,1826.0983315695908,1.4444819127736024
2017-03-30,1731.9601327040864,1830.083499199349,1.4444819127736024
2017-03-31,1723.0849998967872,1820.7775548458249,1.4444819127736024
2017-04-03,1761.918064585765,1862.0332023813505,1.4444819127736024
2017-04-04,1767.730657835822,1868.2499591011147,1.4444819127736024
2017-04-05,1756.7559062359226,1856.724571423029,1.4444819127736024
2017-04-06,1744.3560298170307,1843.691987720361,1.4444819127736024
2017-04-07,1756.9671396253398,1857.0947042610194,1.4444819127736024
2017-04-10,1738.1843511180314,1837.4594822942568,1.4444819127736024
2017-04-11,1752.3340385898312,1852.4905777980164,1.4444819127736024
2017-04-12,1768.384765911737,1869.532634629333,1.4444819127736024
2017-04-13,1765.6494223971865,1866.7146567133025,1.4444819127736024
2017-04-14,1760.4566286033812,1861.2982362506839,1.4444819127736024
2017-04-17,1770.2060032960708,1871.828123292006,1.4444819127736024
2017-04-18,1793.1381236498412,1896.1516922202704,1.4444819127736024
2017-04-19,1791.2495946240995,1894.229579109726,1.4444819127736024
2017-04-20,1779.9780298481144,1882.384446640453,1.4444819127736024
2017-04-21,1799.4860905504163,1903.0901129641934,1.4444819127736024
2017-04-24,1816.7805382463662,1921.6082339890975,1.4444819127736024
2017-04-25,1846.430668244625,1953.0464032087236,1.4444819127736024
2017-04-26,1865.9525874550197,1973.773603172765,1.4444819127736024
2017-04-27,1870.8486868621435,1979.0308788112027,1.4444819127736024
2017-04-28,1881.4334226591434,1990.3063880753994,1.4444819127736024
2017-05-02,1880.4246799551936,1989.5539522512356,1.4444819127736024
2017-05-04,1889.7312899634835,1999.5588091939694,1.4444819127736024
2017-05-08,1924.9054132429546,2037.0993842278826,1.4444819127736024
2017-05-10,1901.308311613193,2012.2860652219163,1.4444819127736024
2017-05-11,1913.983520563001,2025.7812273083748,1.4444819127736024
2017-05-12,1898.2099072761844,2009.165716229675,1.4444819127736024
2017-05-15,1906.850843082267,2018.5511986180582,1.4444819127736024
2017-05-16,1904.976177917729,2016.646469180391,1.4444819127736024
2017-05-17,1889.3524070604365,2000.1859277989292,1.4444819127736024
2017-05-18,1872.6321290217884,1982.563204723016,1.4444819127736024
2017-05-19,1850.1479851672436,1958.8366152723663,1.4444819127736024
2017-05-22,1858.882681479074,1968.3179392719205,1.4444819127736024
2017-05-23,1867.9711571223008,1978.0196904872255,1.4444819127736024
2017-05-24,1890.0028130175758,2001.4284550362702,1.4444819127736024
2017-05-25,1880.1702867942379,1991.0949897236915,1.4444819127736024
2017-05-26,1897.9485273443047,2010.001583850777,1.4444819127736024
2017-05-29,1893.0922092596338,2005.0964164061113,1.4444819127736024
2017-05-30,1923.6456493344656,2037.5381180662623,1.4444819127736024
2017-05-31,1916.1220248788004,2029.6493104898962,1.4444819127736024
2017-06-01,1925.773365674856,2039.9531507836375,1.4444819127736024
2017-06-02,1972.9085199107553,2089.9656152018156,1.4444819127736024
2017-06-05,1961.0952348108206,2077.697897001418,1.4444819127736024
2017-06-07,1960.8937748236028,2077.6487783316175,1.4444819127736024
2017-06-08,2032.9588226031055,2154.089889634217,1.4444819127736024
2017-06-09,2035.9262904133354,2157.319483727532,1.4444819127736024
2017-06-12,2002.8347995962229,2122.506686360353,1.4444819127736024
2017-06-13,2031.279387017753,2152.7360060109354,1.4444819127736024
2017-06-14,2007.67111773429,2127.8002700451607,1.4444819127736024
2017-06-15,2017.4213017502427,2138.2184154583274,1.4444819127736024
2017-06-16,2019.1703856951979,2140.1568643456103,1.4444819127736024
2017-06-19,2077.6678348544833,2202.420688020042,1.4444819127736024
2017-06-20,2075.2755275202094,2199.971735923946,1.4444819127736024
2017-06-21,2074.7211321633727,2199.4710095567525,1.4444819127736024
2017-06-22,2070.814645958028,2195.416452549065,1.4444819127736024
2017-06-23,2078.520219353916,2203.6728204815417,1.4444819127736024
2017-06-26,2116.975329682691,2244.709691758667,1.4444819127736024
2017-06-27,2147.182982460117,2276.83005820277,1.4444819127736024
2017-06-28,2119.4059314361702,2247.464705352732,1.4444819127736024
2017-06-29,2127.200292872942,2255.819226869942,1.4444819127736024
2017-06-30,2107.394357660287,2234.9041285191634,1.4444819127736024
2017-07-03,2061.229791755556,2186.205682314398,1.4444819127736024
2017-07-04,2080.7606001252075,2207.0079557951135,1.4444819127736024
2017-07-05,2121.4540232643444,2250.2593869435495,1.4444819127736024
2017-07-06,2124.5587110939496,2253.6417007270443,1.4444819127736024
2017-07-07,2118.163265207437,2246.946541381788,1.4444819127736024
2017-07-10,2118.571461296086,2247.6461920681736,1.4444819127736024
2017-07-11,2136.594836542702,2266.857293537076,1.4444819127736024
2017-07-12,2152.010437080371,2283.3030378442427,1.4444819127736024
2017-07-13,2205.8213674890453,2340.4894916642747,1.4444819127736024
2017-07-14,2208.217788517297,2343.124878836292,1.4444819127736024
2017-07-17,2249.583178116801,2387.3006160140344,1.4444819127736024
2017-07-18,2258.2703731944957,2396.6144102619573,1.4444819127736024
2017-07-19,2279.7156599876485,2419.4691388577953,1.4444819127736024
2017-07-20,2306.3206095917985,2447.801853752262,1.4444819127736024
2017-07-21,2347.7861898513197,2491.9096856947294,1.4444819127736024
2017-07-24,2381.5730175237295,2528.0704875548986,1.4444819127736024
2017-07-25,2315.0951560470157,2457.6005685854875,1.4444819127736024
2017-07-26,2302.5200817447885,2444.3481017178274,1.4444819127736024
2017-07-27,2293.635198622179,2435.012233113517,1.4444819127736024
2017-07-28,2198.6749181499663,2334.29102254726,1.4444819127736024
2017-07-31,2215.6404360292076,2352.5820726699626,1.4444819127736024
2017-08-01,2202.4897053501745,2338.711024584694,1.4444819127736024
2017-08-02,2247.655987859198,2386.765174415173,1.4444819127736024
2017-08-03,2155.4296905121964,2288.921437547143,1.4444819127736024
2017-08-04,2135.418792897351,2267.7608907819294,1.4444819127736024
2017-08-07,2142.5236656587194,2275.576036202773,1.4444819127736024
2017-08-08,2177.072376403025,2312.3616936130675,1.4444819127736024
2017-08-09,2113.3653505235675,2244.7845090932738,1.4444819127736024
2017-08-10,2104.141067991084,2235.0750052974126,1.4444819127736024
2017-08-11,2043.7351486262114,2170.996074311287,1.4444819127736024
2017-08-14,2096.3096342516105,2227.1085099309266,1.4444819127736024
2017-08-16,2111.757854719088,2243.698071859854,1.4444819127736024
2017-08-17,2148.3659900247962,2282.683713074675,1.4444819127736024
2017-08-18,2159.600933450231,2294.7118221238934,1.4444819127736024
2017-08-21,2143.973614971063,2278.377095403982,1.4444819127736024
2017-08-22,2168.059733368877,2304.0642645380053,1.4444819127736024
2017-08-23,2165.5867029359174,2301.5271151014313,1.4444819127736024
2017-08-24,2170.3880447412894,2306.7210736627803,1.4444819127736024
2017-08-25,2154.2795370778667,2289.6912578974225,1.4444819127736024
2017-08-28,2158.748338849248,2294.7131754951793,1.4444819127736024
2017-08-29,2156.477950580897,2292.390446272981,1.4444819127736024
2017-08-30,2181.3540538773623,2318.92607613821,1.4444819127736024
2017-08-31,2225.152736743826,2365.5805716161008,1.4444819127736024
2017-09-01,2231.2981881844776,2372.2076699925465,1.4444819127736024
2017-09-04,2214.548424923217,2354.6794704024837,1.4444819127736024
2017-09-05,2247.020843543951,2389.3011496398804,1.4444819127736024
2017-09-06,2267.8510501235783,2411.5456825889323,1.4444819127736024
2017-09-07,2316.1849734045077,2463.0395236022796,1.4444819127736024
2017-09-08,2301.7244725787255,2447.7589739928626,1.4444819127736024
2017-09-11,2371.874166326496,2522.658624571368,1.4444819127736024
2017-09-12,2383.9996879929117,2535.6552637519353,1.4444819127736024
2017-09-13,2384.1581255582432,2535.924066301345,1.4444819127736024
2017-09-14,2417.333569082878,2571.3130111037917,1.4444819127736024
2017-09-15,2413.906689171375,2567.7693911239767,1.4444819127736024
2017-09-18,2452.951382121151,2609.6123737242337,1.4444819127736024
2017-09-19,2418.4846936938907,2573.0461787393056,1.4444819127736024
2017-09-20,2391.6392896403067,2544.585756574885,1.4444819127736024
2017-09-21,2400.425057492458,2554.0343807911213,1.4444819127736024
2017-09-22,2373.9837689879755,2526.0009405061787,1.4444819127736024
2017-09-25,2409.699419278078,2564.3078310324936,1.4444819127736024
2017-09-26,2358.4615132713775,2509.881712659977,1.4444819127736024
2017-09-27,2390.5052320998043,2544.0833417568188,1.4444819127736024
2017-09-28,2416.9070924449675,2572.2831147464,1.4444819127736024
2017-09-29,2413.4428034473685,2568.697698770262,1.4444819127736024
2017-10-10,2453.3956027118174,2612.356577663788,1.4444819127736024
2017-10-11,2517.4482366466896,2680.665334776535,1.4444819127736024
2017-10-12,2474.7958187825025,2635.351793633243,1.4444819127736024
2017-10-13,2422.4319656820862,2579.69277650817,1.4444819127736024
2017-10-16,2372.727679899161,2527.0615430383673,1.4444819127736024
2017-10-17,2414.9148798521505,2572.0945222525356,1.4444819127736024
2017-10-18,2390.0798087083713,2545.7436845123484,1.4444819127736024
2017-10-19,2384.8896436115724,2540.3159481849616,1.4444819127736024
2017-10-20,2433.9383599545604,2592.6637620155825,1.4444819127736024
2017-10-23,2468.7746760330792,2630.083877554108,1.4444819127736024
2017-10-24,2453.054565427195,2613.4399699409146,1.4444819127736024
2017-10-25,2499.2106243862418,2662.719100822772,1.4444819127736024
2017-10-26,2411.9710852051885,2569.873626547165,1.4444819127736024
2017-10-27,2444.2825982155873,2604.403445240885,1.4444819127736024
2017-10-30,2441.2887389321886,2601.522079757738,1.4444819127736024
2017-10-31,2515.25699586445,2680.451225322258,1.4444819127736024
2017-11-01,2537.8271846068624,2704.6107106842846,1.4444819127736024
2017-11-02,2513.2237670905074,2678.496304915977,1.4444819127736024
2017-11-03,2500.981878502835,2665.5547879505757,1.4444819127736024
2017-11-06,2494.9329645967005,2659.4233207012844,1.4444819127736024
2017-11-07,2489.92590714953,2654.1911122695833,1.4444819127736024
2017-11-08,2530.912630743637,2697.9885040980066,1.4444819127736024
2017-11-09,2494.171848634039,2658.927463459166,1.4444819127736024
2017-11-10,2560.967458845258,2730.243311280887,1.4444819127736024
2017-11-13,2584.6768346726703,2755.846762831312,1.4444819127736024
2017-11-14,2624.6463050888487,2798.573879810202,1.4444819127736024
2017-11-15,2580.820498226117,2751.9526951586004,1.4444819127736024
2017-11-16,2617.5739004872817,2791.253570354259,1.4444819127736024
2017-11-17,2631.528178841017,2806.2447107917897,1.4444819127736024
2017-11-20,2600.1518177577627,2773.114133623412,1.4444819127736024
2017-11-21,2668.678777896612,2846.312073681962,1.4444819127736024
2017-11-22,2763.6732245357816,2947.7461377038553,1.4444819127736024
2017-11-23,2767.582328959727,2952.032347495133,1.4444819127736024
2017-11-24,2783.4440426139745,2969.0686061808096,1.4444819127736024
2017-11-27,2701.9013754251423,2882.429896131156,1.4444819127736024
2017-11-28,2653.9504653736185,2831.3870992145703,1.4444819127736024
2017-11-29,2643.0516136927044,2819.8710921533643,1.4444819127736024
2017-11-30,2512.5539820759254,2680.749215716308,1.4444819127736024
2017-12-01,2528.5166806612083,2697.8871794590837,1.4444819127736024
2017-12-04,2509.962621124418,2678.40802973377,1.4444819127736024
2017-12-05,2483.253331915936,2650.0110586454066,1.4444819127736024
2017-12-06,2453.271667086975,2618.1195739713603,1.4444819127736024
2017-12-07,2435.273960181353,2599.0152899897134,1.4444819127736024
2017-12-08,2455.2980033429535,2620.489326822097,1.4444819127736024
2017-12-11,2502.8468785353607,2671.55419287447,1.4444819127736024
2017-12-12,2503.5638940966523,2672.4252239565794,1.4444819127736024
2017-12-13,2514.153444656091,2683.83515802004,1.4444819127736024
2017-12-14,2500.028101291188,2668.86203015813,1.4444819127736024
2017-12-15,2491.3711769009515,2659.725661347575,1.4444819127736024
2017-12-18,2508.8025009724333,2678.652674116821,1.4444819127736024
2017-12-19,2591.2401055858645,2766.7808596686627,1.4444819127736024
2017-12-20,2586.975234055021,2762.3363089273207,1.4444819127736024
2017-12-21,2494.3814879267707,2663.571323933768,1.4444819127736024
2017-12-22,2576.022852931131,2750.8590758423925,1.4444819127736024
2017-12-26,2533.440030944436,2705.8140999136813,1.4444819127736024
2017-12-27,2593.229790789567,2769.781461236065,1.4444819127736024
2017-12-28,2619.432173692303,2797.8783941532124,1.4444819127736024
2018-01-02,2591.627065758534,2769.2113342679827,2.7240067471311447
2018-01-03,2608.855275804417,2787.8279596181937,2.7240067471311447
2018-01-04,2582.2743765675073,2759.6293533033277,2.7240067471311447
2018-01-05,2624.421288237787,2804.8801564653654,2.7240067471311447
2018-01-08,2573.7240501499305,2751.312340231355,2.7240067471311447
2018-01-09,2543.5083714168854,2719.2145458755267,2.7240067471311447
2018-01-10,2494.7756444209117,2667.314261729505,2.7240067471311447
2018-01-11,2495.74746679601,2668.552299075518,2.7240067471311447
2018-01-12,2480.9666055721746,2652.945855229772,2.7240067471311447
2018-01-15,2461.174266931938,2632.370351286961,2.7240067471311447
2018-01-16,2550.6607487776264,2728.284854783209,2.7240067471311447
2018-01-17,2542.7006115131167,2719.9732241662236,2.7240067471311447
2018-01-18,2544.5389359700926,2722.1427135653416,2.7240067471311447
2018-01-19,2501.94802948445,2676.778663401122,2.7240067471311447
2018-01-22,2476.9058191366985,2650.5794603399613,2.7240067471311447
2018-01-23,2501.8194556648,2677.439637227537,2.7240067471311447
2018-01-24,2542.9742667561777,2721.68635811889,2.7240067471311447
2018-01-25,2593.595687605266,2776.072312309368,2.7240067471311447
2018-01-26,2571.9977642103822,2753.1601453176686,2.7240067471311447
2018-01-29,2583.4497413150216,2766.0374874762747,2.7240067471311447
2018-01-30,2525.717547314231,2704.426695281131,2.7240067471311447
2018-01-31,2520.8042195640537,2699.3670228582655,2.7240067471311447
2018-02-01,2520.4391978857752,2699.1774322225474,2.7240067471311447
2018-02-02,2471.729954705023,2647.2113604471456,2.7240067471311447
2018-02-05,2407.452231763516,2578.9470948575513,2.7240067471311447
2018-02-06,2385.445346064137,2555.5631263676455,2.7240067471311447
2018-02-07,2350.0936866643096,2517.878134584658,2.7240067471311447
2018-02-08,2471.439261501532,2648.084628805027,2.7240067471311447
2018-02-09,2427.0394058006436,2600.705251119411,2.7240067471311447
2018-02-12,2454.440631007707,2630.6556053961604,2.7240067471311447
2018-02-13,2472.9243248433454,2650.663993816047,2.7240067471311447
2018-02-14,2528.5108020648754,2710.447837437662,2.7240067471311447
2018-02-19,2514.7852368547165,2696.739889032118,2.7240067471311447
2018-02-20,2487.761053678705,2667.9593589273018,2.7240067471311447
2018-02-21,2521.1523226610716,2703.97093374486,2.7240067471311447
2018-02-22,2509.338408193307,2691.5010612887186,2.7240067471311447
2018-02-23,2523.515212133175,2706.908878821312,2.7240067471311447
2018-02-26,2515.170937959686,2698.561828801534,2.7240067471311447
2018-02-27,2529.985828093891,2714.659372303796,2.7240067471311447
2018-02-28,2486.6399001039795,2668.348444339863,2.7240067471311447
2018-03-02,2459.5318930445114,2639.6532166763795,2.7240067471311447
2018-03-05,2417.5007539532676,2595.1244670969813,2.7240067471311447
2018-03-06,2486.1547299168014,2669.0217715237172,2.7240067471311447
2018-03-07,2470.437581577418,2652.3463566461937,2.7240067471311447
2018-03-08,2482.192175025962,2665.165241736707,2.7240067471311447
2018-03-09,2506.7652165083473,2691.7504015797635,2.7240067471311447
2018-03-12,2535.8194248074096,2723.5578734913292,2.7240067471311447
2018-03-13,2646.533859126717,2842.6809989876433,2.7240067471311447
2018-03-14,2650.194595806681,2846.825348413059,2.7240067471311447
2018-03-15,2621.875573659968,2816.615246430914,2.7240067471311447
2018-03-16,2618.0328492655176,2812.696857031795,2.7240067471311447
2018-03-19,2623.335853008733,2819.0247470595123,2.7240067471311447
2018-03-20,2631.601209769328,2828.1175648802787,2.7240067471311447
2018-03-21,2608.9570765738686,2803.9915717982512,2.7240067471311447
2018-03-22,2644.1501972882497,2842.027520448978,2.7240067471311447
2018-03-23,2514.1206400333854,2702.4686190756415,2.7240067471311447
2018-03-26,2571.2743488837086,2764.522447435503,2.7240067471311447
2018-03-27,2554.5899046954855,2746.7888962044035,2.7240067471311447
2018-03-28,2502.6775217765994,2691.171485893461,2.7240067471311447
2018-03-29,2517.7292963220284,2707.5588263682375,2.7240067471311447
2018-03-30,2538.534714401549,2730.1365093089557,2.7240067471311447
2018-04-02,2462.453438114795,2648.9053497217456,2.7240067471311447
2018-04-03,2437.879408024604,2622.666206463106,2.7240067471311447
2018-04-04,2379.6649570590557,2560.2291637673034,2.710186764713704
2018-04-05,2439.074472187303,2624.3412677686765,2.710186764713704
2018-04-06,2393.2464716426925,2575.2233415438163,2.710186764713704
2018-04-09,2406.2582963822774,2589.800923175834,2.710186764713704
2018-04-10,2410.4358919256288,2594.4896730842847,2.710186764713704
2018-04-11,2433.6837871159078,2619.7070791609253,2.710186764713704
2018-04-12,2471.721726589784,2660.849944288316,2.710186764713704
2018-04-13,2483.7173658355696,2673.961846942811,2.710186764713704
2018-04-16,2491.0369156531574,2682.439034944492,2.710186764713704
2018-04-17,2480.249403233396,2671.020827089744,2.710186764713704
2018-04-18,2503.8626611312907,2696.650406630148,2.710186764713704
2018-04-19,2553.5689013240585,2750.3879011961753,2.710186764713704
2018-04-20,2536.1618914676,2731.8419178142976,2.710186764713704
2018-04-23,2521.23277826621,2716.365469898362,2.710186764713704
2018-04-24,2465.1706740011937,2656.1614721213246,2.710186764713704
2018-04-25,2455.894892807426,2646.363391278263,2.710186764713704
2018-04-26,2508.1147665758695,2702.8337484757385,2.710186764713704
2018-04-27,2536.018307816235,2733.106381562896,2.710186764713704
2018-04-30,2489.174382207039,2683.2191128586055,2.710186764713704
2018-05-02,2499.8119284912077,2695.085810018988,2.710186764713704
2018-05-03,2492.6981088254042,2687.615699903246,2.710186764713704
2018-05-04,2464.355716315697,2657.2542178756744,2.710186764713704
2018-05-08,2462.593499183397,2656.142180763747,2.710186764713704
2018-05-09,2449.233578267738,2641.9282494781064,2.710186764713704
2018-05-10,2493.1691223133807,2689.5199942422423,2.710186764713704
2018-05-11,2487.672519972924,2683.7896287845188,2.710186764713704
2018-05-14,2446.442066989767,2639.896266093077,2.710186764713704
2018-05-15,2425.96142229259,2617.9903421562594,2.710186764713704
2018-05-16,2435.310274858854,2628.2742163999346,2.710186764713704
2018-05-17,2469.358554744901,2665.2180883762367,2.710186764713704
2018-05-18,2510.813875307864,2710.16255880514,2.710186764713704
2018-05-21,2507.703931819139,2707.4082401235505,2.710186764713704
2018-05-23,2577.505321555145,2783.1813232085974,2.710186764713704
2018-05-24,2557.0221963192557,2761.2685888178507,2.710186764713704
2018-05-25,2567.334771003056,2772.6106123775085,2.710186764713704
2018-05-28,2555.5660447057626,2760.5152576697255,2.710186764713704
2018-05-29,2525.013136660416,2727.7144760541487,2.710186764713704
2018-05-30,2475.246181732202,2674.1507719291717,2.710186764713704
2018-05-31,2487.154190513101,2687.215057402505,2.710186764713704
2018-06-01,2483.5784544541325,2683.5508045263764,2.710186764713704
2018-06-04,2485.6448499305075,2686.3814441168547,2.710186764713704
2018-06-05,2518.253789151614,2721.825774548169,2.710186764713704
2018-06-07,2525.935176678173,2730.533270066826,2.710186764713704
2018-06-08,2483.592760939318,2684.9603747876868,2.710186764713704
2018-06-11,2489.473108777249,2691.9165905828304,2.710186764713704
2018-06-12,2473.9873742636687,2675.370059127145,2.710186764713704
2018-06-14,2428.4294367705643,2626.493421805908,2.710186764713704
2018-06-15,2395.512698121934,2591.084223038574,2.710186764713704
2018-06-18,2307.2634232769824,2496.185742365903,2.710186764713704
2018-06-19,2279.3283830727937,2466.146314228441,2.710186764713704
2018-06-20,2308.0506598528696,2497.4080175447984,2.710186764713704
2018-06-21,2286.0094086892864,2473.7419957067978,2.710186764713704
2018-06-22,2302.967634703136,2492.277787458049,2.710186764713704
2018-06-25,2253.9085796825757,2439.728914913637,2.710186764713704
2018-06-26,2238.4121390465684,2423.1346772993393,2.710186764713704
2018-06-27,2241.6651359548932,2426.8361842503245,2.710186764713704
2018-06-28,2166.8045802588654,2345.9658889251127,2.710186764713704
2018-06-29,2199.8886161621053,2381.9621947197757,2.710186764713704
2018-07-02,2163.3375679091932,2342.907423562472,2.710186764713704
2018-07-03,2189.5533804879233,2371.475256623778,2.710186764713704
2018-07-04,2166.7327813889005,2346.932710043731,2.710186764713704
2018-07-05,2163.5557829859004,2343.66538040128,2.710186764713704
2018-07-06,2173.6594269024654,2354.784836804726,2.710186764713704
2018-07-09,2186.4274755158685,2369.1440741202105,2.710186764713704
2018-07-10,2231.8115611392273,2418.500283996525,2.710186764713704
2018-07-11,2228.4118211149535,2414.995340703623,2.710186764713704
2018-07-12,2216.0343900583875,2401.759754572971,2.710186764713704
2018-07-13,2280.176426864993,2471.4608925983785,2.710186764713704
2018-07-16,2306.625675634716,2500.685509477053,2.710186764713704
2018-07-17,2315.079024196478,2510.0362838279098,2.710186764713704
2018-07-18,2337.438909735501,2534.467184072295,2.710186764713704
2018-07-19,2314.4598848888268,2509.7374135551827,2.710186764713704
2018-07-20,2287.2356357444387,2480.400211683702,2.710186764713704
2018-07-23,2216.950293025957,2404.714217014857,2.710186764713704
2018-07-24,2239.4268546166045,2429.274665003081,2.710186764713704
2018-07-25,2210.8010367191473,2398.400038460433,2.710186764713704
2018-07-26,2284.255104506463,2478.270976553315,2.710186764713704
2018-07-27,2323.9159389906654,2521.4875329677207,2.710186764713704
2018-07-30,2310.973998951167,2508.0034761540646,2.710186764713704
2018-07-31,2352.070118253823,2552.792781895754,2.710186764713704
2018-08-01,2374.836777886726,2577.693572134734,2.710186764713704
2018-08-02,2330.734100439125,2530.0113918427737,2.710186764713704
2018-08-03,2322.988546317671,2521.7906995994254,2.710186764713704
2018-08-06,2281.626638597684,2477.440387647685,2.710186764713704
2018-08-07,2301.655537710672,2499.373648770548,2.710186764713704
2018-08-08,2281.805637492051,2478.0024475316227,2.710186764713704
2018-08-09,2265.2789613483365,2460.2372941072854,2.710186764713704
2018-08-10,2210.292018563227,2400.69609103196,2.710186764713704
2018-08-13,2174.1149265156655,2361.928202857353,2.710186764713704
2018-08-14,2203.296430053535,2393.8081917044324,2.710186764713704
2018-08-16,2177.7846411075666,2366.44161461349,2.710186764713704
2018-08-17,2157.036093142832,2344.0695820031433,2.710186764713704
2018-08-20,2146.944233557658,2333.6220265691845,2.710186764713704
2018-08-21,2214.9902242112094,2407.7632924224527,2.710186764713704
2018-08-22,2299.8153620896046,2500.1563566147256,2.710186764713704
2018-08-23,2306.362591576381,2507.459968778375,2.710186764713704
2018-08-24,2320.73991162365,2523.2780979497707,2.710186764713704
2018-08-27,2369.5174105185733,2576.886054700369,2.710186764713704
2018-08-28,2367.7570251737766,2575.1626741212044,2.710186764713704
2018-08-29,2391.8818704006007,2601.5937814599247,2.710186764713704
2018-08-30,2406.0651150597946,2617.2147490471198,2.710186764713704
2018-08-31,2444.0753547215445,2658.7579299501717,2.710186764713704
2018-09-03,2420.9887586906107,2634.229710494916,2.710186764713704
2018-09-04,2430.8336546676824,2645.1380029525953,2.710186764713704
2018-09-05,2407.771138972927,2620.2366858091045,2.710186764713704
2018-09-06,2382.5798233645073,2593.014838209172,2.710186764713704
2018-09-07,2331.5208698120136,2537.634519341313,2.710186764713704
2018-09-10,2330.7510211999925,2537.361311277826,2.710186764713704
2018-09-11,2324.759934915515,2531.0269333895544,2.710186764713704
2018-09-12,2275.102993541055,2477.1479156830287,2.710186764713704
2018-09-13,2232.9922150067914,2431.4778123869773,2.710186764713704
2018-09-14,2286.7996717522074,2490.252856755099,2.710186764713704
2018-09-17,2246.5872159764394,2447.0073472492704,2.710186764713704
2018-09-18,2234.02223307992,2433.501985129536,2.710186764713704
2018-09-19,2283.910582717534,2488.0295530101334,2.710186764713704
2018-09-20,2269.6320025774894,2472.65831917765,2.710186764713704
2018-09-21,2250.0360470666874,2451.491327963655,2.710186764713704
2018-09-27,2231.4214824471665,2432.2925097692946,2.710186764713704
2018-09-28,2173.636784092127,2369.4818771774358,2.710186764713704
2018-10-01,2163.850583701938,2359.3390163832114,2.710186764713704
2018-10-02,2113.302648687183,2304.3954122218647,2.710186764713704
2018-10-04,2082.960747199463,2271.646948367689,2.710186764713704
2018-10-05,2052.226062399711,2238.2942154659686,2.710186764713704
2018-10-08,2062.560740723614,2250.0666621351083,2.710186764713704
2018-10-10,2025.6344844714733,2210.1114020535956,2.710186764713704
2018-10-11,1915.496477430892,2090.0980726178827,2.710186764713704
2018-10-12,2003.9903665461889,2186.820620690932,2.710186764713704
2018-10-15,1988.3914338844054,2170.281551858829,2.710186764713704
2018-10-16,1999.1115401150646,2182.1441956355247,2.710186764713704
2018-10-17,2007.7623329487699,2191.7496467732713,2.710186764713704
2018-10-18,1994.543151359395,2177.4806448625186,2.710186764713704
2018-10-19,2003.9318934337698,2187.892844431762,2.710186764713704
2018-10-22,1986.2364262157453,2169.0556632878183,2.710186764713704
2018-10-23,1944.1353719783822,2123.2370344137394,2.710186764713704
2018-10-24,1911.6789680812954,2087.945530382431,2.710186764713704
2018-10-25,1849.057373750451,2019.699757654267,2.710186764713704
2018-10-26,1838.8666166377777,2008.7175723465493,2.710186764713704
2018-10-29,1824.4897785708013,1993.4564358863065,2.710186764713704
2018-10-30,1870.1997687245016,2043.5512667672176,2.710186764713704
2018-10-31,1880.8236528596415,2055.312388606739,2.710186764713704
2018-11-01,1891.5737353304016,2067.21316087091,2.710186764713704
2018-11-02,1974.7297286572486,2158.2506194911102,2.710186764713704
2018-11-05,1927.2720924969612,2106.8514089753944,2.710186764713704
2018-11-06,1926.3710623421764,2106.0226797727137,2.710186764713704
2018-11-07,1896.7982088580386,2073.845758546395,2.710186764713704
2018-11-08,1930.2745291417104,2110.6033626963085,2.710186764713704
2018-11-09,1944.31739337836,2126.1158780729734,2.710186764713704
2018-11-12,1944.3183301664194,2126.590181622582,2.710186764713704
2018-11-13,1908.4673904828637,2087.5332489966204,2.710186764713704
2018-11-14,1876.1701012469925,2052.357875943391,2.710186764713704
2018-11-15,1893.6252527994552,2071.6059130779918,2.710186764713704
2018-11-16,1900.1331189283912,2078.8796927347244,2.710186764713704
2018-11-19,1894.53054952931,2073.2114861095633,2.710186764713704
2018-11-20,1835.051927586929,2008.272196180242,2.710186764713704
2018-11-21,1824.9137981884085,1997.3252673392255,2.710186764713704
2018-11-22,1827.112662925866,1999.8802549659836,2.710186764713704
2018-11-23,1816.6672943279461,1988.594740729031,2.710186764713704
2018-11-26,1840.2571084548297,2014.865484086645,2.710186764713704
2018-11-27,1843.2187263725102,2018.257853383653,2.710186764713704
2018-11-28,1870.8106909369833,2048.622055097984,2.710186764713704
2018-11-29,1870.8164472085512,2048.780368480712,2.710186764713704
2018-11-30,1840.5658553234616,2015.8017116517615,2.710186764713704
2018-12-03,1898.2165667824045,2079.403986680275,2.710186764713704
2018-12-04,1864.0043083035605,2042.077633086892,2.710186764713704
2018-12-05,1850.8335740391587,2027.7991165912429,2.710186764713704
2018-12-06,1790.277590223007,1961.598676390622,2.710186764713704
2018-12-07,1814.5920719670235,1988.387468010458,2.710186764713704
2018-12-10,1754.1915633451065,1922.6298933129765,2.710186764713704
2018-12-11,1738.7614871600654,1905.8596196314845,2.710186764713704
2018-12-12,1765.8608408589357,1935.7068908483109,2.710186764713704
2018-12-13,1790.5600428844034,1962.927379925202,2.710186764713704
2018-12-14,1730.6152843710418,1897.3528450027816,2.710186764713704
2018-12-17,1736.4250678914566,1904.146150488561,2.710186764713704
2018-12-18,1699.65930757155,1863.9674876722838,2.710186764713704
2018-12-19,1703.672315490789,1868.5070726233162,2.710186764713704
2018-12-20,1671.461024561317,1833.3152784547756,2.710186764713704
2018-12-21,1693.763993395386,1857.9157816717193,2.710186764713704
2018-12-24,1704.8360325193955,1870.4771521510988,2.710186764713704
2018-12-26,1697.4039048840941,1862.5992942221037,2.710186764713704
2018-12-27,1691.169744567548,1855.8961094687281,2.710186764713704
2018-12-28,1692.868932171797,1857.898651875231,2.710186764713704
2019-01-02,1660.1257462448984,1822.3450542087817,1.5298520947238732
2019-01-03,1579.2897384686203,1733.6827624352748,1.5298520947238732
2019-01-04,1567.0220235425566,1720.287794162809,1.5298520947238732
2019-01-07,1609.354951712896,1766.9831830581359,1.5298520947238732
2019-01-08,1608.0431415868377,1765.61683760463,1.5298520947238732
2019-01-09,1664.8879144689656,1828.1084517630793,1.5298520947238732
2019-01-10,1683.7380058421215,1848.8839860350374,1.5298520947238732
2019-01-11,1695.6560261761813,1862.0489496672715,1.5298520947238732
2019-01-14,1661.6295964246292,1824.9128235124683,1.5298520947238732
2019-01-15,1693.0989019083856,1859.5524050212764,1.5298520947238732
2019-01-16,1707.8253192085504,1875.805184397726,1.5298520947238732
2019-01-17,1716.7975465207385,1885.7388913502512,1.5298520947238732
2019-01-18,1727.7894590565543,1897.8919522886501,1.5298520947238732
2019-01-21,1763.0958177531438,1936.917608319238,1.5298520947238732
2019-01-22,1745.5016372603088,1917.669154132634,1.5298520947238732
2019-01-23,1735.2142323340831,1906.4468995531208,1.5298520947238732
2019-01-24,1771.1969189924498,1946.0619010589292,1.5298520947238732
2019-01-25,1834.5885349437388,2015.7964101643242,1.5298520947238732
2019-01-28,1833.8820248886,2015.2733137291102,1.5298520947238732
2019-01-29,1842.4885397281776,2024.815914420313,1.5298520947238732
2019-01-30,1892.4481489084628,2079.806492239664,1.5298520947238732
2019-01-31,1892.9218810016075,2080.4142599484453,1.5298520947238732
2019-02-01,1914.434435869221,2104.1457445449087,1.5298520947238732
2019-02-07,1970.8644083074328,2166.7120381979857,1.5298520947238732
2019-02-08,1926.849670053616,2118.412218243803,1.5298520947238732
2019-02-11,1942.8079128122254,2136.225383471444,1.5298520947238732
2019-02-12,1997.826099352485,2196.8129501789185,1.5298520947238732
2019-02-13,2048.5302146671265,2252.6616298749527,1.5298520947238732
2019-02-14,2080.680718166179,2288.111692227656,1.5298520947238732
2019-02-15,2036.7231567985682,2239.8656473821643,1.5298520947238732
2019-02-18,2037.676066069749,2241.1951821473626,1.5298520947238732
2019-02-19,2012.672856557598,2213.78742152772,1.5298520947238732
2019-02-20,2065.1241262407884,2271.5749792877555,1.5298520947238732
2019-02-21,2060.511344385981,2266.5959893005506,1.5298520947238732
2019-02-22,2043.761179183021,2248.26469994115,1.5298520947238732
2019-02-25,2067.4176867067745,2274.574109065212,1.5298520947238732
2019-02-26,2035.6745036842765,2239.74404903913,1.5298520947238732
2019-02-27,2031.4569133928042,2235.19727692633,1.5298520947238732
2019-02-28,1946.5075217772392,2141.8177851797914,1.5298520947238732
2019-03-04,1945.0461787949093,2140.5683841012365,1.5298520947238732
2019-03-05,1911.6017632309722,2103.8501461218552,1.5298520947238732
2019-03-06,1900.6595219997848,2091.895067237224,1.5298520947238732
2019-03-07,1903.7466783501884,2095.380600422625,1.5298520947238732
2019-03-08,1863.7733032446174,2051.46936931104,1.5298520947238732
2019-03-11,1858.8155458592448,2046.2694203590129,1.5298520947238732
2019-03-12,1913.9343059806934,2107.0349295093733,1.5298520947238732
2019-03-13,1905.4598356493548,2097.7933156135914,1.5298520947238732
2019-03-14,1963.6044957513957,2161.8975341911537,1.5298520947238732
2019-03-15,1931.7746106022455,2126.9424167987313,1.5298520947238732
2019-03-18,1933.8786208857473,2129.526548384556,1.5298520947238732
2019-03-19,1937.2910980125785,2133.3736140383317,1.5298520947238732
2019-03-20,1959.4889159427082,2157.908559859162,1.5298520947238732
2019-03-21,2027.9801434106282,2233.428815206124,1.5298520947238732
2019-03-22,2035.4462004451195,2241.7451281160106,1.5298520947238732
2019-03-25,1962.6784542475339,2161.873756619574,1.5298520947238732
2019-03-26,1968.7408133314173,2168.642223919126,1.5298520947238732
2019-03-27,1970.7772746606042,2170.9763905286045,1.5298520947238732
2019-03-28,1932.3957097889163,2128.785039628485,1.5298520947238732
2019-03-29,1939.7447292870913,2136.9704432054164,1.5298520947238732
2019-04-01,1992.8989405800742,2195.8050480192155,1.5298520947238732
2019-04-02,1995.7922184409508,2199.085008627962,1.5298520947238732
2019-04-03,2030.1244269372935,2237.008013183333,1.5298520947238732
2019-04-04,2078.8427198375302,2290.7869796181835,1.5298520947238732
2019-04-05,2110.077194357107,2325.3032940445855,1.5298520947238732
2019-04-08,2124.969868017896,2342.0092565714667,1.5298520947238732
2019-04-09,2124.3458028658333,2341.4195172903824,1.5298520947238732
2019-04-10,2172.274580007686,2394.3461218829448,1.5298520947238732
2019-04-11,2155.9750433102613,2376.4798190614274,1.5298520947238732
2019-04-12,2153.292952290881,2373.6228293509917,1.5298520947238732
2019-04-15,2150.478274809336,2370.818015799374,1.5298520947238732
2019-04-16,2128.2931635333853,2346.458077541935,1.5298520947238732
2019-04-17,2189.7534903635087,2414.3196368384715,1.5298520947238732
2019-04-18,2130.4065432435855,2348.9848558498584,1.5298520947238732
2019-04-19,2152.063583114315,2372.9632813569106,1.5298520947238732
2019-04-22,2150.576235664337,2371.6212334515544,1.5298520947238732
2019-04-23,2208.842232548666,2435.978073997906,1.5298520947238732
2019-04-24,2170.4037074934104,2393.6871606119607,1.5298520947238732
2019-04-25,2181.9231594974713,2406.4924849536196,1.5298520947238732
2019-04-26,2139.90110444298,2360.244263257536,1.5298520947238732
2019-04-29,2212.4068424424913,2440.522459633706,1.5298520947238732
2019-04-30,2205.2474292690927,2432.7267483157643,1.5298520947238732
2019-05-02,2250.2403848037634,2482.568839096005,1.5298520947238732
2019-05-03,2214.6163182093183,2443.3690643685663,1.5298520947238732
2019-05-07,2169.6425465971342,2394.1508993040866,1.5298520947238732
2019-05-08,2118.554264676632,2337.874067239177,1.5298520947238732
2019-05-09,2030.7588069970698,2241.0835950014234,1.5298520947238732
2019-05-10,2034.6449505691771,2245.466272305345,1.5298520947238732
2019-05-13,1970.6644802563505,2175.129697738242,1.5298520947238732
2019-05-14,1981.2647655528044,2186.921405364025,1.5298520947238732
2019-05-15,2031.8453536071283,2242.8462309370375,1.5298520947238732
2019-05-16,1972.5243120419461,2177.4560811225197,1.5298520947238732
2019-05-17,1951.6395929389143,2154.491819969615,1.5298520947238732
2019-05-20,1911.939434100422,2110.9304669445837,1.5298520947238732
2019-05-21,1924.2089789963718,2124.565986683302,1.5298520947238732
2019-05-22,1925.9737616222426,2126.6035953563105,1.5298520947238732
2019-05-23,1890.1450181888856,2087.129966300553,1.5298520947238732
2019-05-24,1861.2283459889122,2055.2857719687995,1.5298520947238732
2019-05-27,1844.1478587759584,2036.6803076357462,1.5298520947238732
2019-05-28,1874.4799440711902,2070.2658283545347,1.5298520947238732
2019-05-29,1836.684292738923,2028.6074575388286,1.5298520947238732
2019-05-30,1851.502030418179,2045.059219211474,1.5298520947238732
2019-05-31,1852.0361115374792,2045.7348156597607,1.5298520947238732
2019-06-03,1856.2593886519244,2050.6574356111055,1.5298520947238732
2019-06-04,1845.9013724584952,2039.3000816598033,1.5298520947238732
2019-06-05,1877.5079558392692,2074.305027573761,1.5298520947238732
2019-06-07,1905.337495710163,2105.2279511766797,1.5298520947238732
2019-06-10,1930.1549383594302,2132.9169897004954,1.5298520947238732
2019-06-11,1929.6371583754217,2132.4341305304847,1.5298520947238732
2019-06-12,1890.7391143572706,2089.535577871991,1.5298520947238732
2019-06-13,1863.428172888156,2059.4393601720126,1.5298520947238732
2019-06-14,1847.4746910347149,2041.8932769803826,1.5298520947238732
2019-06-17,1824.6730507219509,2016.9455190049325,1.5298520947238732
2019-06-18,1832.9589851684004,2026.1894361749773,1.5298520947238732
2019-06-19,1898.6641368104256,2098.9091311174234,1.5298520947238732
2019-06-20,1904.6626624443534,2105.6284894778814,1.5298520947238732
2019-06-21,1886.119169054447,2085.2157604366007,1.5298520947238732
2019-06-24,1878.277546979319,2076.807314523377,1.5298520947238732
2019-06-25,1869.3819195992091,2067.0580143131087,1.5298520947238732
2019-06-26,1873.4879091137877,2071.6849569930973,1.5298520947238732
2019-06-27,1907.22566078595,2109.0801744020673,1.5298520947238732
2019-06-28,1909.2575785789359,2111.41557679548,1.5298520947238732
2019-07-01,1900.373144405317,2101.8545074871927,1.5298520947238732
2019-07-02,1917.4617818230292,2120.8437443983603,1.5298520947238732
2019-07-03,1909.5511161328259,2112.18247283619,1.5298520947238732
2019-07-04,1929.3640091831423,2134.1871910155764,1.5298520947238732
2019-07-05,1875.1405967309133,2074.294246053964,1.5298520947238732
2019-07-08,1757.6124848166771,1944.528098228911,1.5298520947238732
2019-07-09,1782.287228617034,1971.909500243917,1.5298520947238732
2019-07-10,1824.7624064002543,2018.9882869155313,1.5298520947238732
2019-07-11,1890.191297915769,2091.4689616763244,1.5298520947238732
2019-07-12,1886.1269199050455,2087.05919994407,1.5298520947238732
2019-07-15,1900.334926125718,2103.0450343656016,1.5298520947238732
2019-07-16,1875.4093286969066,2075.5475361442814,1.5298520947238732
2019-07-17,1843.288046473762,2040.083809944422,1.5298520947238732
2019-07-18,1887.4040228756407,2088.997253650305,1.5298520947238732
2019-07-19,1899.8174852440943,2102.824668614649,1.5298520947238732
2019-07-22,1911.6297709482221,2116.1650434386315,1.5298520947238732
2019-07-23,1917.6691888027074,2122.93956595584,1.5298520947238732
2019-07-24,1886.5109582163575,2088.5335832384912,1.5298520947238732
2019-07-25,1901.5391380768635,2105.259275576061,1.5298520947238732
2019-07-26,1891.0466929837169,2093.730421686948,1.5298520947238732
2019-07-29,1803.6381210467225,1997.2042644566775,1.5298520947238732
2019-07-30,1842.3910324485198,2040.2015822720255,1.5298520947238732
2019-07-31,1828.8907211095354,2025.3366214253497,1.5298520947238732
2019-08-01,1798.3917285006653,1991.6450695367826,1.5298520947238732
2019-08-02,1784.901082534036,1976.787526924536,1.5298520947238732
2019-08-05,1694.5691293834527,1876.9802267757107,1.5298520947238732
2019-08-06,1620.1523550869008,1794.6280587592623,1.5298520947238732
2019-08-07,1709.9795814491008,1894.2081978182975,1.5298520947238732
2019-08-08,1729.6752459237507,1916.1060732586964,1.5298520947238732
2019-08-09,1755.1843945384617,1944.446132577098,1.5298520947238732
2019-08-12,1777.9300015281838,1969.8918970889854,1.5298520947238732
2019-08-13,1778.8089565983462,1970.9483021868166,1.5298520947238732
2019-08-14,1793.2052658405769,1986.9828606875571,1.5298520947238732
2019-08-16,1777.8857953133916,1970.1729632537897,1.5298520947238732
2019-08-19,1757.4536857447056,1947.7757370873996,1.5298520947238732
2019-08-20,1797.800405392049,1992.5752283531428,1.5298520947238732
2019-08-21,1796.5983924083027,1991.326391876413,1.5298520947238732
2019-08-22,1767.1992659613497,1958.822822836581,1.5298520947238732
2019-08-23,1755.6599501069231,1946.1137685612787,1.5298520947238732
2019-08-26,1682.839988474534,1865.6287011635568,1.5298520947238732
2019-08-27,1694.229749284142,1878.3342794043251,1.5298520947238732
2019-08-28,1716.5082114968243,1903.1133532713668,1.5298520947238732
2019-08-29,1692.1181314355074,1876.1503567833272,1.5298520947238732
2019-08-30,1751.3788228200397,1941.9374866921873,1.5298520947238732
2019-09-02,1754.578845553629,1945.7301480989809,1.5298520947238732
2019-09-03,1744.9053680227537,1935.0838483925825,1.5298520947238732
2019-09-04,1806.5807908557692,2003.5652354920528,1.5298520947238732
2019-09-05,1888.3868372006893,2094.37890059573,1.5298520947238732
2019-09-06,1886.7687032029426,2092.6719027243794,1.5298520947238732
2019-09-09,1879.3418107245686,2084.696432995974,1.5298520947238732
2019-09-10,1877.0425764637696,2082.2331735255684,1.5298520947238732
2019-09-11,1880.96651251389,2086.673454971503,1.5298520947238732
2019-09-16,1871.552119667099,2076.6642969383392,1.5298520947238732
2019-09-17,1865.0870867738647,2069.577411518513,1.5298520947238732
2019-09-18,1893.3667324087712,2101.0456692571784,1.5298520947238732
2019-09-19,1941.6356791969658,2154.699369064672,1.5298520947238732
2019-09-20,1956.7141828250792,2171.523449672689,1.5298520947238732
2019-09-23,1945.32464465439,2159.1548360624947,1.5298520947238732
2019-09-24,1965.7934440278282,2181.9649549052046,1.5298520947238732
2019-09-25,1954.0608406166766,2169.0330039360065,1.5298520947238732
2019-09-26,1968.0669748808873,2184.6714968176925,1.5298520947238732
2019-09-27,1938.9264924485965,2152.4139768780146,1.5298520947238732
2019-09-30,1940.6022275394482,2154.5449162590276,1.5298520947238732
2019-10-01,1973.7678449468087,2191.4586797324814,1.5298520947238732
2019-10-02,1919.358330885364,2131.1374897734645,1.5298520947238732
2019-10-04,1912.7807840353275,2124.0121000112686,1.5298520947238732
2019-10-07,1900.3075908316396,2110.426625717528,1.5298520947238732
2019-10-08,1925.9878304974534,2139.035946755433,1.5298520947238732
2019-10-10,1909.3203356322908,2120.702370558458,1.5298520947238732
2019-10-11,1922.1150731411003,2135.00304236948,1.5298520947238732
2019-10-14,1980.661680033194,2200.31054975901,1.5298520947238732
2019-10-15,1992.5514387718815,2213.61155704569,1.5298520947238732
2019-10-16,2006.629015786092,2229.3443184327257,1.5298520947238732
2019-10-17,2000.691471797953,2222.840867714799,1.5298520947238732
2019-10-18,1976.8509453757383,2196.4451716420504,1.5298520947238732
2019-10-21,1970.9286014462532,2190.1401248278453,1.5298520947238732
2019-10-22,1996.9481249315018,2219.146548878526,1.5298520947238732
2019-10-23,1970.0574256512198,2189.3554457993023,1.5298520947238732
2019-10-24,1982.4483423452264,2203.2179422315435,1.5298520947238732
2019-10-25,2014.2424342869708,2238.646452779392,1.5298520947238732
2019-10-28,2017.1581378160508,2242.1686956498556,1.5298520947238732
2019-10-29,2008.7111043933999,2232.872930139125,1.5298520947238732
2019-10-30,1952.8441986358227,2170.862488011471,1.5298520947238732
2019-10-31,1960.087460035436,2179.005661338948,1.5298520947238732
2019-11-01,1958.024966482049,2176.8039838182717,1.5298520947238732
2019-11-04,1991.3717720753973,2214.154964503577,1.5298520947238732
2019-11-05,1991.9677079760247,2214.9103380605366,1.5298520947238732
2019-11-06,1986.563877171193,2208.994226157439,1.5298520947238732
2019-11-07,1963.0402036091693,2182.9280968021167,1.5298520947238732
2019-11-08,1928.5590170520964,2144.6743623014077,1.5298520947238732
2019-11-11,1907.3438294477073,2121.3483144962674,1.5298520947238732
2019-11-12,1926.488541015135,2142.73081246037,1.5298520947238732
2019-11-13,1926.6402629047204,2142.989320147391,1.5298520947238732
2019-11-14,1930.817786168418,2147.7259057341385,1.5298520947238732
2019-11-15,1959.6146443151008,2179.849102965791,1.5298520947238732
2019-11-18,1965.2262887148702,2186.3661148511374,1.5298520947238732
2019-11-19,1970.8185478030248,2192.679487366457,1.5298520947238732
2019-11-20,1907.721816077107,2122.5686680069975,1.5298520947238732
2019-11-21,1859.2515178050862,2068.726309648107,1.5298520947238732
2019-11-22,1868.7136895154238,2079.341637947553,1.5298520947238732
2019-11-25,1901.9959426225046,2116.6411604814275,1.5298520947238732
2019-11-26,1911.7665023338047,2127.6034644990605,1.5298520947238732
2019-11-27,1917.7699309856873,2134.3740702688438,1.5298520947238732
2019-11-28,1902.7288127254121,2117.7228174929774,1.5298520947238732
2019-11-29,1876.236276995552,2088.324290982568,1.5298520947238732
2019-12-02,1861.9950086780034,2072.733619902565,1.5298520947238732
2019-12-03,1837.145601587873,2045.157441363638,1.5298520947238732
2019-12-04,1810.8007468076555,2015.9141088067197,1.5298520947238732
2019-12-05,1816.7890269759853,2022.6654104991637,1.5298520947238732
2019-12-06,1869.442010331294,2081.372142408595,1.5298520947238732
2019-12-09,1877.7698887279664,2090.9068147856415,1.5298520947238732
2019-12-10,1879.1189537384012,2092.496646583242,1.5298520947238732
2019-12-11,1889.208563880276,2103.8200669697126,1.5298520947238732
2019-12-12,1963.5275404859349,2186.673162556959,1.5298520947238732
2019-12-13,2065.6373901851402,2300.4836658112586,1.5298520947238732
2019-12-16,2119.444295144086,2360.7045785101664,1.5298520947238732
2019-12-17,2209.917941358033,2461.5801071600486,1.5298520947238732
2019-12-18,2214.914299124454,2467.2487792657535,1.5298520947238732
2019-12-19,2204.4129765791927,2455.6539427253756,1.5298520947238732
2019-12-20,2210.7913610111127,2462.862436099523,1.5298520947238732
2019-12-23,2205.8933620014886,2457.7147605240293,1.5298520947238732
2019-12-24,2193.1462989047013,2443.6148589671166,1.5298520947238732
2019-12-26,2259.376097109205,2517.6193235878786,1.5298520947238732
2019-12-27,2299.6622261883253,2562.617426410001,1.5298520947238732
2019-12-30,2283.8149427002168,2545.2778702900055,1.5298520947238732
2020-01-02,2270.652319874254,2530.9731919003093,1.7554220859289478
2020-01-03,2264.610935696195,2524.3605051291656,1.7554220859289478
2020-01-06,2251.706601322888,2510.3379456914254,1.7554220859289478
2020-01-07,2245.635468942036,2503.689805817144,1.7554220859289478
2020-01-08,2263.185048222527,2523.3773424259043,1.7554220859289478
2020-01-09,2388.450446994199,2663.1721551068736,1.7554220859289478
2020-01-10,2407.2635986394002,2684.278214751204,1.7554220859289478
2020-01-13,2406.016226350635,2683.2741271712275,1.7554220859289478
2020-01-14,2413.359578814182,2691.5930467500807,1.7554220859289478
2020-01-15,2385.9596364659938,2661.1620878921153,1.7554220859289478
2020-01-16,2476.8059249433477,2762.619578098374,1.7554220859289478
2020-01-17,2513.711313951906,2803.918455903647,1.7554220859289478
2020-01-20,2533.8125945303223,2826.747931556115,1.7554220859289478
2020-01-21,2494.3453615129542,2782.851611808443,1.7554220859289478
2020-01-22,2551.8786344411697,2847.176250967367,1.7554220859289478
2020-01-23,2550.25002846494,2845.495936740946,1.7554220859289478
2020-01-28,2503.131424391829,2793.5934988353742,1.7554220859289478
2020-01-29,2509.9547110606427,2801.343184585286,1.7554220859289478
2020-01-30,2428.038777762792,2710.047615909574,1.7554220859289478
2020-01-31,2358.7818346216577,2632.8732351990543,1.7554220859289478
2020-02-03,2420.601670261621,2702.266124025029,1.7554220859289478
2020-02-04,2458.35561932717,2744.5450719863716,1.7554220859289478
2020-02-05,2440.1713783081063,2724.374842116798,1.7554220859289478
2020-02-06,2491.018847888719,2781.2781119166307,1.7554220859289478
2020-02-07,2469.0437666783005,2756.874934887758,1.7554220859289478
2020-02-10,2460.3416896347753,2747.5544969856755,1.7554220859289478
2020-02-11,2478.3356637053134,2767.782048402615,1.7554220859289478
2020-02-12,2500.5250159640623,2792.6971220134305,1.7554220859289478
2020-02-13,2546.08830084673,2843.7208822617017,1.7554220859289478
2020-02-14,2575.7516476886776,2876.9900783617654,1.7554220859289478
2020-02-17,2596.9506462969703,2901.086560692979,1.7554220859289478
2020-02-18,2508.6346098341796,2802.562281340558,1.7554220859289478
2020-02-19,2529.8967478764894,2826.451462525281,1.7554220859289478
2020-02-20,2518.4637321385653,2813.813495431712,1.7554220859289478
2020-02-21,2478.175272704547,2768.9333269022677,1.7554220859289478
2020-02-24,2388.8720786127647,2669.537259392151,1.7554220859289478
2020-02-25,2437.6610645772103,2724.1893144107667,1.7554220859289478
2020-02-26,2384.9815036927976,2665.445775004589,1.7554220859289478
2020-02-27,2302.0595545313604,2572.896186384841,1.7554220859289478
2020-02-28,2180.8122594308034,2437.501325278341,1.7554220859289478
2020-03-02,2277.299072257623,2545.711960392018,1.7554220859289478
2020-03-03,2277.7598849433116,2546.3494603752133,1.7554220859289478
2020-03-04,2347.041255714986,2623.926474713592,1.7554220859289478
2020-03-05,2371.8940130786746,2651.8386057478165,1.7554220859289478
2020-03-06,2300.208132589593,2571.8155424272445,1.7554220859289478
2020-03-09,2185.867911386973,2444.326464211522,1.7554220859289478
2020-03-10,2219.0800945717074,2481.584940516351,1.7554220859289478
2020-03-11,2116.6997302454315,2367.2073124152685,1.7554220859289478
2020-03-12,1989.4843413797375,2225.0431448153618,1.7554220859289478
2020-03-13,1912.0681470666598,2138.563499206247,1.7554220859289478
2020-03-16,1840.486420948823,2058.7993103761064,1.7554220859289478
2020-03-17,1813.4594204326647,2028.6639440396332,1.7554220859289478
2020-03-18,1710.600478138268,1913.6906268113,1.7554220859289478
2020-03-19,1524.0324197088482,1705.0543154508653,1.7554220859289478
2020-03-20,1690.2328699870957,1891.0866463283019,1.7554220859289478
2020-03-23,1550.6992764371385,1735.2221474345151,1.7554220859289478
2020-03-24,1743.646021458535,1951.2220410501461,1.7554220859289478
2020-03-25,1859.2855232668949,2080.728088070655,1.7554220859289478
2020-03-26,1821.6501636718515,2038.7083008862573,1.7554220859289478
2020-03-27,1828.3822022644972,2046.3408374920223,1.7554220859289478
2020-03-30,1838.818012318553,2058.3174150330087,1.7554220859289478
2020-03-31,1835.5922295876946,2054.8053220682564,1.7554220859289478
2020-04-01,1768.8072831454751,1980.1398373076565,1.7554220859289478
2020-04-02,1811.3389325418927,2027.8505145172933,1.7554220859289478
2020-04-03,1804.5398083507994,2020.3357769686706,1.7554220859289478
2020-04-06,1900.1744390012907,2127.713613802229,1.7554220859289478
2020-04-07,1992.6511068849334,2231.3712723165013,1.7554220859289478
2020-04-08,2000.9987301700685,2240.826634057775,1.7554220859289478
2020-04-09,2018.723373683899,2260.784298750097,1.7554220859289478
2020-04-10,1992.0398340020065,2231.008410249642,1.7554220859289478
2020-04-13,1917.5692251060639,2147.913824063046,1.7554220859289478
2020-04-14,1965.056664549317,2201.2113948449637,1.7554220859289478
2020-04-16,1977.530236705104,2215.396931411465,1.7554220859289478
2020-04-17,2050.2895766097363,2297.0185003501415,1.7554220859289478
2020-04-20,2034.1387724204712,2279.2527124236913,1.7554220859289478
2020-04-21,2005.4963593096961,2247.2668858022757,1.7554220859289478
2020-04-22,2032.820906734475,2277.994992690786,1.7554220859289478
2020-04-23,2047.9022410548332,2295.0055483644114,1.7554220859289478
2020-04-24,1995.551383021464,2236.445428574985,1.7554220859289478
2020-04-27,2023.1722610795123,2267.727495115518,1.7554220859289478
2020-04-28,2044.5839411939185,2291.8374997696756,1.7554220859289478
2020-04-29,2098.3475586250524,2352.2158486718645,1.7554220859289478
2020-05-04,2050.853896194076,2299.528625640324,1.7554220859289478
2020-05-06,2131.1680661425025,2389.810919734284,1.7554220859289478
2020-05-07,2156.234141773364,2418.0352720595747,1.7554220859289478
2020-05-08,2238.0124998765978,2509.8634442640127,1.7554220859289478
2020-05-11,2249.968333676581,2523.6353625084726,1.7554220859289478
2020-05-12,2226.1124854987825,2496.997893717558,1.7554220859289478
2020-05-13,2191.037867727383,2457.7733237053285,1.7554220859289478
2020-05-14,2142.749403813919,2403.721774451686,1.7554220859289478
2020-05-15,2166.8385482915514,2430.8616372706815,1.7554220859289478
2020-05-18,2195.336725706352,2463.187333556348,1.7554220859289478
2020-05-19,2222.3197842742406,2493.5824031801953,1.7554220859289478
2020-05-20,2340.5718675886606,2626.3948898781987,1.7554220859289478
2020-05-21,2334.6316220176336,2619.855147223487,1.7554220859289478
2020-05-22,2322.395264495204,2606.249118117024,1.7554220859289478
2020-05-25,2367.8713802004963,2657.6666681081233,1.7554220859289478
2020-05-26,2345.2866632001537,2632.4443999766104,1.7554220859289478
2020-05-27,2314.861462568699,2598.4188030939185,1.7554220859289478
2020-05-28,2272.7091008035145,2551.225625317705,1.7554220859289478
2020-05-29,2252.3247347038714,2528.4647051031493,1.7554220859289478
2020-06-01,2311.0180106305506,2594.727966320536,1.7554220859289478
2020-06-02,2318.120039944982,2602.8269576252537,1.7554220859289478
2020-06-03,2347.4704462838986,2635.9088007067644,1.7554220859289478
2020-06-04,2340.5412956756195,2628.254561650611,1.7554220859289478
2020-06-05,2368.1036390269023,2659.33283590669,1.7554220859289478
2020-06-08,2352.9746530792354,2642.724268165787,1.7554220859289478
2020-06-09,2341.767057949416,2630.2629557774476,1.7554220859289478
2020-06-10,2369.9650616331987,2662.0627702825805,1.7554220859289478
2020-06-11,2307.7536259223107,2592.308370380246,1.7554220859289478
2020-06-12,2232.605799794958,2508.015064774166,1.7554220859289478
2020-06-15,2083.3041382674655,2340.633313482913,1.7554220859289478
2020-06-16,2176.5131515147764,2445.4730051841316,1.7554220859289478
2020-06-17,2190.2915824242164,2461.07236374143,1.7554220859289478
2020-06-18,2187.6285891527405,2458.1982880412147,1.7554220859289478
2020-06-19,2226.556008693973,2502.060563707348,1.7554220859289478
2020-06-22,2223.4561040641865,2498.937341206538,1.7554220859289478
2020-06-23,2191.34595682555,2462.967185136078,1.7554220859289478
2020-06-24,2257.0569514426725,2536.945096238688,1.7554220859289478
2020-06-25,2196.965550206813,2469.5206944640713,1.7554220859289478
2020-06-26,2217.6983233576043,2492.9453789436634,1.7554220859289478
2020-06-29,2166.633546600508,2435.893919311294,1.7554220859289478
2020-06-30,2226.087352546405,2502.8566851697487,1.7554220859289478
2020-07-01,2289.373176282593,2574.134541419086,1.7554220859289478
2020-07-02,2277.09948301692,2560.4572490460237,1.7554220859289478
2020-07-03,2335.0046906208095,2625.69425341368,1.7554220859289478
2020-07-06,2393.2567742122733,2691.5862830842843,1.7554220859289478
2020-07-07,2350.5693384087717,2643.7047316724916,1.7554220859289478
2020-07-08,2380.949069885506,2678.0017671781993,1.7554220859289478
2020-07-09,2394.986589305745,2693.9201057308537,1.7554220859289478
2020-07-10,2451.0709120838023,2757.137173673929,1.7554220859289478
2020-07-13,2486.213450574109,2797.071206425263,1.7554220859289478
2020-07-14,2527.712021044707,2843.895124870725,1.7554220859289478
2020-07-15,2562.8983560856086,2883.621384329047,1.7554220859289478
2020-07-16,2520.91299466714,2836.5182620901815,1.7554220859289478
2020-07-17,2578.5225240384175,2901.4796473913693,1.7554220859289478
2020-07-20,2546.3298518192914,2865.6679978654533,1.7554220859289478
2020-07-21,2670.9123773822466,3006.0190256397836,1.7554220859289478
2020-07-22,2675.1714088682374,3010.9571196767365,1.7554220859289478
2020-07-23,2655.7542068708262,2989.246342359766,1.7554220859289478
2020-07-24,2650.108913070819,2983.035510011233,1.7554220859289478
2020-07-27,2685.63784701817,3023.4637233877766,1.7554220859289478
2020-07-28,2728.315109114399,3071.6569695154813,1.7554220859289478
2020-07-29,2742.257651738363,3087.502477140723,1.7554220859289478
2020-07-30,2781.693184325685,3132.0533873132194,1.7554220859289478
2020-07-31,2689.937004471484,3028.885884255382,1.7554220859289478
2020-08-03,2708.758047961142,3050.5182648721043,1.7554220859289478
2020-08-04,2718.0173973604956,3061.0929650644307,1.7554220859289478
2020-08-05,2691.9450516435672,3031.8754042419655,1.7554220859289478
2020-08-06,2696.513477118617,3037.1637512019097,1.7202242141160278
2020-08-07,2701.3811241540047,3042.7896276315932,1.7202242141160278
2020-08-10,2704.7944035040246,3047.0647508586476,1.7202242141160278
2020-08-11,2747.6596967027513,3095.5000904486665,1.7202242141160278
2020-08-12,2687.5298723638157,3027.9007207735,1.7202242141160278
2020-08-13,2668.9289506569135,3007.0856441833853,1.7202242141160278
2020-08-14,2605.4124963690633,2935.6598290950847,1.7202242141160278
2020-08-18,2506.673077839483,2824.9368469761453,1.7202242141160278
2020-08-19,2537.617532375941,2859.944902805435,1.7202242141160278
2020-08-20,2377.615425156204,2679.7455814016243,1.7202242141160278
2020-08-21,2397.888756131621,2702.722385101927,1.7202242141160278
2020-08-24,2435.318976764311,2745.2987867088004,1.7202242141160278
2020-08-25,2497.379752705632,2815.391565215323,1.7202242141160278
2020-08-26,2486.101737818885,2802.809426529851,1.7202242141160278
2020-08-27,2431.1651474570913,2741.0034809010476,1.7202242141160278
2020-08-28,2441.9530536533944,2753.295911452301,1.7202242141160278
2020-08-31,2426.7836616739137,2736.5790610221297,1.7202242141160278
2020-09-01,2452.5875985072003,2765.8073010315024,1.7202242141160278
2020-09-02,2488.4371914845287,2806.367407476571,1.7202242141160278
2020-09-03,2585.853283884721,2916.3670188521055,1.7202242141160278
2020-09-04,2540.3813182543854,2865.217940290225,1.7202242141160278
2020-09-07,2577.7759906812935,2907.8050311071634,1.7202242141160278
2020-09-08,2654.652093823066,2994.6645073739655,1.7202242141160278
2020-09-09,2645.173070531957,2984.11193106405,1.7202242141160278
2020-09-10,2646.4725111968464,2985.7184876417978,1.7202242141160278
2020-09-11,2629.0566329821772,2966.209796620121,1.7202242141160278
2020-09-14,2697.80236327431,3044.2016153673617,1.7202242141160278
2020-09-15,2692.9729398536488,3038.8952080524996,1.7202242141160278
2020-09-16,2643.5214953646373,2983.232039008665,1.7202242141160278
2020-09-17,2613.3004174958346,2949.26624205385,1.7202242141160278
2020-09-18,2617.0538484118897,2953.6413155400373,1.7202242141160278
2020-09-21,2572.9644700876156,2904.291758417562,1.7202242141160278
2020-09-22,2514.972151095173,2838.9653194856905,1.7202242141160278
2020-09-23,2553.5994245218617,2882.7045411402937,1.7202242141160278
2020-09-24,2497.97616770559,2820.0454293898265,1.7202242141160278
2020-09-25,2491.4514077541526,2812.8118878169107,1.7202242141160278
2020-09-28,2553.127142767157,2882.8501475907306,1.7202242141160278
2020-09-29,2563.908466239664,2895.160169984752,1.7202242141160278
2020-10-05,2585.4928264490673,2920.3581957094907,1.7202242141160278
2020-10-06,2583.4007281189297,2918.132564322486,1.7202242141160278
2020-10-07,2612.1641286754566,2950.7618114046777,1.7202242141160278
2020-10-08,2607.7416473085705,2945.900262455798,1.6638376412882205
2020-10-12,2661.2219142135714,3006.8633686558833,1.6638376412882205
2020-10-13,2689.1868798304645,3038.598856701271,1.6638376412882205
2020-10-14,2646.3664957581427,2990.3509401959373,1.6638376412882205
2020-10-15,2613.9121805028885,2953.8126438065465,1.6638376412882205
2020-10-16,2615.529820510414,2955.775273331891,1.6638376412882205
2020-10-19,2634.534867183878,2977.6594942948386,1.6638376412882205
2020-10-20,2645.9517462439594,2990.699550146761,1.6638376412882205
2020-10-21,2630.416966680851,2973.27614116278,1.6638376412882205
2020-10-22,2594.345902432498,2932.6370141491057,1.6638376412882205
2020-10-23,2568.5421806209206,2903.600865171709,1.6638376412882205
2020-10-26,2504.922699061666,2832.0693897645037,1.6638376412882205
2020-10-27,2517.138971924633,2846.0107658667575,1.6638376412882205
2020-10-28,2541.2448097755228,2873.3969911106797,1.6638376412882205
2020-10-29,2551.7374072478906,2885.3924519181655,1.6638376412882205
2020-10-30,2496.1482078499675,2822.663205703294,1.6638376412882205
2020-11-02,2512.7216897857234,2841.7929308382436,1.6638376412882205
2020-11-03,2556.828165238154,2891.8074073788857,1.6638376412882205
2020-11-04,2590.5584331732916,2930.0902683469453,1.6638376412882205
2020-11-05,2645.2975636806273,2992.1400851306107,1.6638376412882205
2020-11-06,2645.5158579893146,2992.5233148329835,1.6638376412882205
2020-11-09,2655.172352698919,3003.856885738309,1.6638376412882205
2020-11-10,2652.101577120437,3000.519525084465,1.6638376412882205
2020-11-11,2640.879878211424,2987.9596890056187,1.6638376412882205
2020-11-12,2650.2577325726857,2998.706630628143,1.6638376412882205
2020-11-13,2710.0282512061867,3066.4753014274684,1.6638376412882205
2020-11-16,2876.741998645249,3255.5615704518855,1.6638376412882205
2020-11-17,2857.2074441247446,3233.6019314543005,1.6638376412882205
2020-11-18,2818.8054077480606,3190.286321001499,1.6638376412882205
2020-11-19,2850.960875896796,3226.826436674242,1.6638376412882205
2020-11-20,2836.4609379751314,3210.561098268963,1.6638376412882205
2020-11-23,2902.3764488147826,3285.619142133905,1.6638376412882205
2020-11-24,2902.5445113732303,3285.9590761832897,1.6638376412882205
2020-11-25,2865.031507972705,3243.638506509173,1.6638376412882205
2020-11-26,2932.9154511492056,3320.6444086528836,1.6638376412882205
2020-11-27,2933.064722774007,3320.9646881760827,1.6638376412882205
2020-11-30,2899.5572730799463,3283.4745125224254,1.6638376412882205
2020-12-01,2933.5974210449726,3322.1730915890257,1.6638376412882205
2020-12-02,3069.615795384071,3476.3664120830545,1.6638376412882205
2020-12-03,3065.612946998441,3471.9913054750537,1.6638376412882205
2020-12-04,3094.3196991661353,3504.663073341673,1.6638376412882205
2020-12-07,3136.9264203248695,3553.405492101902,1.6638376412882205
2020-12-08,3159.746022883332,3579.417823021157,1.6638376412882205
2020-12-09,3218.3679133229907,3645.9918475479694,1.6638376412882205
2020-12-10,3175.8232104873314,3597.9581298469784,1.6638376412882205
2020-12-11,3178.8706316188673,3601.57467498118,1.6638376412882205
2020-12-14,3177.0975884313493,3600.0577821820725,1.6638376412882205
2020-12-15,3198.285462079833,3624.231440560938,1.6638376412882205
2020-12-16,3309.263723930323,3750.1605538040762,1.6638376412882205
2020-12-17,3380.723428808862,3831.3154348819157,1.6638376412882205
2020-12-18,3339.632639870092,3784.9203620317344,1.6638376412882205
2020-12-21,3358.1991399257763,3806.4825376573936,1.6638376412882205
2020-12-22,3275.7845746647627,3713.2356587953577,1.6638376412882205
2020-12-23,3336.7893068483986,3782.5593158412994,1.6638376412882205
2020-12-24,3392.551223742442,3845.9457942383847,1.6638376412882205
2020-12-28,3400.467728038455,3855.6227116759774,1.6638376412882205
2020-12-29,3471.9851252696617,3936.8920931643493,1.6638376412882205
2020-12-30,3557.2255416100215,4033.7301432990716,1.6638376412882205
2021-01-04,3640.0022090131624,4128.340058121128,1.3184649569213962
2021-01-05,3645.313982305551,4134.513692492407,1.3184649569213962
2021-01-06,3590.744708098438,4072.7682549026904,1.3184649569213962
2021-01-07,3635.7487996353193,4123.96258025966,1.3184649569213962
2021-01-08,3711.1067578832303,4209.591668410533,1.3184649569213962
2021-01-11,3668.97565790536,4162.252109500864,1.3184649569213962
2021-01-12,3659.9666135411685,4152.181720062249,1.3184649569213962
2021-01-13,3734.7646420574415,4237.192000292107,1.3184649569213962
2021-01-14,3737.242767211064,4240.156554600245,1.3184649569213962
2021-01-15,3779.209192197789,4287.925101341169,1.3184649569213962
2021-01-18,3804.378690446942,4316.950086870815,1.3184649569213962
2021-01-19,3897.5582514138396,4422.843560980198,1.3184649569213962
2021-01-20,3914.470527830915,4442.195501109938,1.3184649569213962
2021-01-21,3945.260942933756,4477.298505555026,1.3184649569213962
2021-01-22,3893.613983116443,4418.846206849412,1.3184649569213962
2021-01-25,3981.3950576356146,4518.9578984389545,1.3184649569213962
2021-01-26,3966.349688196147,4502.043629683798,1.3184649569213962
2021-01-27,3883.8455580682703,4408.555650236298,1.3184649569213962
2021-01-28,3764.012686506377,4272.687507034793,1.3184649569213962
2021-01-29,3662.1087469458807,4157.162160861471,1.3184649569213962
2021-02-01,3799.0432210889876,4313.074818860981,1.3184649569213962
2021-02-02,3840.114615655915,4359.860775527008,1.3184649569213962
2021-02-03,3853.7655794157663,4375.517289748476,1.3184649569213962
2021-02-04,3832.531526763398,4351.565487080395,1.3184649569213962
2021-02-05,3853.626484396219,4375.675248674694,1.3184649569213962
2021-02-08,3793.235917939959,4307.5700321171935,1.3184649569213962
2021-02-09,3806.5599554641512,4322.856747536868,1.3184649569213962
2021-02-10,3841.6083891740873,4362.816402138768,1.3184649569213962
2021-02-15,4033.5512618618563,4581.627793582297,1.3184649569213962
2021-02-16,4041.597110061549,4590.932622502792,1.3184649569213962
2021-02-17,4034.1483311164798,4582.636818747767,1.3184649569213962
2021-02-18,3976.242796546607,4517.021413921314,1.3184649569213962
2021-02-19,4112.795606478897,4672.314388850596,1.3184649569213962
2021-02-22,4096.449817075107,4654.248829450873,1.3184649569213962
2021-02-23,4045.6632346272972,4596.712742895176,1.3184649569213962
2021-02-24,3920.5455729698483,4454.713613638611,1.3159432301062655
2021-02-25,4122.580347723515,4684.444069829757,1.3159432301062655
2021-02-26,4001.4131912139055,4546.926935824835,1.3159432301062655
2021-03-02,4051.063511345306,4604.009505316043,1.3159432301062655
2021-03-03,4098.640852144161,4658.248693164826,1.3159432301062655
2021-03-04,4040.65187332979,4592.507645854939,1.3159432301062655
2021-03-05,3990.672771365669,4535.86601658635,1.3159432301062655
2021-03-08,3903.456426870255,4437.213995099749,1.3159432301062655
2021-03-09,3838.2771585350715,4363.279328388497,1.3159432301062655
2021-03-10,3777.9932449293938,4294.904473586088,1.3159432301062655
2021-03-11,3916.008706779163,4451.9638292375685,1.3159432301062655
2021-03-12,4006.111103567659,4554.561962475433,1.3159432301062655
2021-03-15,3979.488857746879,4524.784048046316,1.3159432301062655
2021-03-16,4041.97970718246,4596.0033775259035,1.3159432301062655
2021-03-17,4033.569496605905,4586.605644061155,1.3159432301062655
2021-03-18,4130.699650859336,4697.222383717887,1.3159432301062655
2021-03-19,4132.008587658757,4698.880128131311,1.3159432301062655
2021-03-22,4171.7545570985785,4744.591626472537,1.3159432301062655
2021-03-23,4091.1462143364292,4653.082330083189,1.3159432301062655
2021-03-24,4114.062271612826,4679.314586978451,1.3159432301062655
2021-03-25,4101.874019925855,4665.619817806814,1.3159432301062655
2021-03-26,4101.259796166652,4665.089247897455,1.3159432301062655
2021-03-29,4101.577819537547,4665.955260682799,1.3159432301062655
2021-03-30,4117.900882687961,4684.693155326064,1.3159432301062655
2021-03-31,4076.618486990433,4637.895697315964,1.3159432301062655
2021-04-01,4243.883603144441,4828.364171125904,1.3159432301062655
2021-04-02,4316.669462386808,4911.3512630083305,1.3159432301062655
2021-04-05,4466.146355515736,5081.969924838132,1.3159432301062655
2021-04-06,4497.3617468249395,5117.673888924521,1.3159432301062655
2021-04-07,4487.390979079059,5106.511846706869,1.3159432301062655
2021-04-08,4491.377423212649,5111.232440291211,1.3159432301062655
2021-04-09,4487.194134075411,5106.655794239368,1.3159432301062655
2021-04-12,4499.144083402407,5120.8088724051895,1.3159432301062655
2021-04-13,4502.282124292795,5124.565133056834,1.3159432301062655
2021-04-14,4529.966432967442,5156.2615949754445,1.3159432301062655
2021-04-15,4599.210548720426,5235.2677394472,1.3159432301062655
2021-04-16,4648.648479090957,5291.7334357737545,1.3159432301062655
2021-04-19,4804.294002322205,5469.501767838423,1.3159432301062655
2021-04-20,4846.283535659168,5517.503998139716,1.3159432301062655
2021-04-21,4818.163156559907,5485.686521668854,1.3159432301062655
2021-04-22,4798.281457255734,5463.247175524844,1.3159432301062655
2021-04-23,4839.313222286092,5510.163808628518,1.3159432301062655
2021-04-26,4910.893432316265,5592.271216120047,1.3159432301062655
2021-04-27,4943.636250714688,5629.75986754423,1.3159432301062655
2021-04-28,4698.158897931882,5350.405655105151,1.3159432301062655
2021-04-29,4669.231100633983,5317.6533838533915,1.3159432301062655
2021-04-30,4639.219040907322,5283.663865749929,1.3159432301062655
2021-05-03,4593.848040511856,5232.555776270997,1.3159432301062655
2021-05-04,4676.407998726334,5326.786405079977,1.3159432301062655
2021-05-06,4580.983646565617,5218.466769654617,1.3159432301062655
2021-05-07,4569.739768206833,5205.84576166758,1.3159432301062655
2021-05-10,4570.100529839381,5206.819463011345,1.3159432301062655
2021-05-11,4386.436071566416,4997.7464240892,1.3159432301062655
2021-05-12,4386.547647379916,4998.053615728332,1.3159432301062655
2021-05-13,4262.505280327988,4856.894123081165,1.3159432301062655
2021-05-14,4476.896107113188,5101.364657742421,1.3159432301062655
2021-05-17,4434.473358019461,5053.570648697529,1.3159432301062655
2021-05-18,4586.86109355216,5227.421581670779,1.3159432301062655
2021-05-20,4660.116134753021,5311.28946326995,1.3159432301062655
2021-05-21,4644.061983318841,5293.1827114350635,1.3159432301062655
2021-05-24,4521.901842577309,5154.504784847531,1.3159432301062655
2021-05-25,4582.339759095391,5223.586008700006,1.3159432301062655
2021-05-26,4559.230874049555,5197.430547639496,1.3159432301062655
2021-05-27,4672.301652491387,5326.5208373086625,1.3159432301062655
2021-05-28,4616.027849092532,5262.5571292492905,1.3159432301062655
2021-05-31,4629.630144871088,5278.635070618118,1.3159432301062655
2021-06-01,4610.082900151173,5256.53697309748,1.3159432301062655
2021-06-02,4587.130319163091,5230.554283119704,1.3159432301062655
2021-06-03,4748.745261830438,5415.033591459001,1.3159432301062655
2021-06-04,4698.902688040228,5358.390739505174,1.3159432301062655
2021-06-07,4706.174285885928,5367.262963161905,1.3159432301062655
2021-06-08,4651.917127150138,5305.5753040266245,1.3159432301062655
2021-06-09,4588.608242423897,5233.559203269499,1.3159432301062655
2021-06-10,4618.086270744412,5267.370279207299,1.3159432301062655
2021-06-11,4655.1575816969125,5309.844963777998,1.3159432301062655
2021-06-14,4645.798767836261,5299.742718863138,1.3159432301062655
2021-06-15,4669.216035163963,5326.648111933723,1.3159432301062655
2021-06-16,4667.939771899964,5325.384008052623,1.3159432301062655
2021-06-17,4657.574880099501,5313.750739037879,1.3159432301062655
2021-06-18,4671.42983506802,5329.749646067278,1.3159432301062655
2021-06-21,4569.657179151574,5214.198229240896,1.3159432301062655
2021-06-22,4616.615853007966,5267.970121133141,1.3159432301062655
2021-06-23,4651.729209022996,5308.228830610771,1.3159432301062655
2021-06-24,4671.631629409143,5331.132150305389,1.3159432301062655
2021-06-25,4683.766771767909,5345.172998992972,1.3159432301062655
2021-06-28,4702.499620156957,5367.131206347934,1.3159432301062655
2021-06-29,4693.8656541321825,5357.469966738999,1.3159432301062655
2021-06-30,4754.173500367165,5426.49945301461,1.3159432301062655
2021-07-01,4730.352918593886,5399.504740365844,1.3159432301062655
2021-07-02,4722.704017067436,5390.968053368749,1.3159432301062655
2021-07-05,4717.76601741116,5385.913402510567,1.3159432301062655
2021-07-06,4737.620581277954,5408.774706133031,1.3159432301062655
2021-07-07,4716.039745411894,5384.330607930634,1.3159432301062655
2021-07-08,4614.351863699509,5268.422755838052,1.3159432301062655
2021-07-09,4580.978729581937,5230.507518361373,1.3159432301062655
2021-07-12,4585.813840958991,5236.59413124152,1.3159432301062655
2021-07-13,4623.997363255251,5280.386577084751,1.3159432301062655
2021-07-14,4607.5549014786775,5261.799630630555,1.3159432301062655
2021-07-15,4659.936053278316,5321.810317172311,1.3159432301062655
2021-07-16,4610.105020624341,5265.091217990349,1.3159432301062655
2021-07-19,4668.114768224702,5331.9190118646375,1.3159432301062655
2021-07-20,4681.0032078058675,5346.83281468355,1.3159432301062655
2021-07-21,4659.296653584854,5322.230448385325,1.3159432301062655
2021-07-22,4864.351750064643,5556.661374333408,1.3159432301062655
2021-07-23,4873.914298323685,5567.785486189882,1.3159432301062655
2021-07-26,4802.081229606453,5486.318884469704,1.3159432301062655
2021-07-27,4781.718996871533,5463.25210943609,1.3159432301062655
2021-07-28,4741.816978029708,5417.858090646921,1.3159432301062655
2021-07-29,4701.746455537552,5372.268259641995,1.3159432301062655
2021-07-30,4650.6199542006425,5314.041995904686,1.3159432301062655
2021-08-02,4740.38651500836,5417.199429403827,1.3159432301062655
2021-08-03,4811.500656291465,5498.6650575198755,1.3159432301062655
2021-08-04,4823.745309271705,5512.8570690562165,1.3159432301062655
2021-08-05,4873.771849764575,5570.230993205096,1.3159432301062655
2021-08-06,4831.284018518723,5521.870613644206,1.3159432301062655
2021-08-09,4848.016852303716,5541.5941508612095,1.3159432301062655
2021-08-10,4757.693615513923,5438.54483494505,1.3159432301062655
2021-08-11,4568.678266556922,5222.668544351612,1.3159432301062655
2021-08-12,4472.967689844538,5113.441557417347,1.3159432301062655
2021-08-13,4398.270934483436,5028.230300310884,1.3159432301062655
2021-08-17,4325.734824858155,4946.017614738065,1.3159432301062655
2021-08-18,4361.463093392532,4987.048758873649,1.3159432301062655
2021-08-19,4203.619735484053,4806.738341265722,1.3159432301062655
2021-08-20,4165.52308550123,4763.347346153347,1.3159432301062655
2021-08-23,4252.890177467719,4863.778767649121,1.3159432301062655
2021-08-24,4366.651760228463,4994.0610786684365,1.3159432301062655
2021-08-25,4359.709856642082,4986.301391192181,1.3159432301062655
2021-08-26,4343.594001681623,4968.048298867683,1.3159432301062655
2021-08-27,4327.429226227951,4949.737929269592,1.3159432301062655
2021-08-30,4328.37793262131,4951.35817809572,1.3159432301062655
2021-08-31,4394.721644765564,5027.431816441828,1.3159432301062655
2021-09-01,4384.480927908404,5015.897447755376,1.3159432301062655
2021-09-02,4346.402627451144,4972.514572891419,1.3159432301062655
2021-09-03,4354.09206327231,4981.491163814617,1.3159432301062655
2021-09-06,4349.52534949291,4976.804276564083,1.3159432301062655
2021-09-07,4324.099715064537,4947.890072308647,1.3159432301062655
2021-09-08,4309.727464699593,4931.622168144846,1.3159432301062655
2021-09-09,4242.1077444747025,4854.419797590215,1.3159432301062655
2021-09-10,4275.333541575348,4892.617722602478,1.3159432301062655
2021-09-13,4270.198435113064,4887.269382402991,1.3159432301062655
2021-09-14,4301.453789071708,4923.218704734472,1.3159432301062655
2021-09-15,4295.605450478801,4916.702138032544,1.3159432301062655
2021-09-16,4226.3796476922635,4837.641342442175,1.3159432301062655
2021-09-17,4311.51167546811,4935.263827632622,1.3159432301062655
2021-09-23,4244.49563235862,4859.602764024622,1.3159432301062655
2021-09-24,4213.154715335519,4823.893751215006,1.3159432301062655
2021-09-27,4244.602934794084,4860.425991227153,1.3159432301062655
2021-09-28,4134.632836221378,4734.671591862538,1.3159432301062655
2021-09-29,4018.2233276146962,4601.533929343783,1.3159432301062655
2021-09-30,4035.8617954340893,4621.899422615538,1.3159432301062655
2021-10-01,3941.3260095858186,4513.798946187724,1.3159432301062655
2021-10-05,3842.0217545690157,4400.704978605362,1.3159432301062655
2021-10-06,3737.463916600805,4281.097217759164,1.3159432301062655
2021-10-07,3871.874987374055,4435.218857152877,1.3159432301062655
2021-10-08,3769.8700152755055,4318.52811364087,1.3159432301062655
2021-10-12,3667.467344227456,4201.827452393031,1.3159432301062655
2021-10-13,3669.8167084635224,4204.670608256976,1.3159432301062655
2021-10-14,3759.914575669216,4308.054909728544,1.3159432301062655
2021-10-15,3875.862132505101,4441.065917216706,1.3159432301062655
2021-10-18,3874.066039489124,4439.487699284352,1.3159432301062655
2021-10-19,3862.2105607770695,4426.061367068302,1.3159432301062655
2021-10-20,3832.604886389948,4392.2917512768445,1.3159432301062655
2021-10-21,3797.480282085006,4352.194592603274,1.3159432301062655
2021-10-22,3826.175642673608,4385.239596364245,1.3159432301062655
2021-10-25,3853.5968146570294,4417.144807903124,1.3159432301062655
2021-10-26,3947.2016880557608,4524.601418297552,1.3159432301062655
2021-10-27,3921.9336722197845,4495.799148812836,1.3159432301062655
2021-10-28,4053.6854366583957,4646.996523502918,1.3159432301062655
2021-10-29,3991.9345398801624,4576.3724311626165,1.3159432301062655
2021-11-01,3995.047627718694,4580.436315721304,1.3159432301062655
2021-11-02,4058.0397646590122,4652.826230143765,1.3159432301062655
2021-11-03,3967.339434439582,4548.995849849208,1.3159432301062655
2021-11-04,3975.9245221055494,4559.003855999355,1.3159432301062655
2021-11-05,4028.3362182712854,4619.268278864517,1.3159432301062655
2021-11-08,4046.0444668490236,4640.075689777746,1.3159432301062655
2021-11-09,4020.7777477929426,4611.265498673295,1.3159432301062655
2021-11-10,3932.728241290899,4510.447621083467,1.3159432301062655
2021-11-11,3898.007495828998,4470.7874542174495,1.3159432301062655
2021-11-12,4022.124329657227,4613.308435001558,1.3159432301062655
2021-11-15,4176.970589454444,4791.432299773016,1.3159432301062655
2021-11-16,4266.140475605168,4893.896016138002,1.3159432301062655
2021-11-17,4259.297121435554,4886.2217108798395,1.3159432301062655
2021-11-18,4247.777995181398,4873.18265553221,1.3159432301062655
2021-11-19,4349.749347639867,4990.3471421393515,1.3159432301062655
2021-11-22,4628.786174457099,5311.052363990497,1.3159432301062655
2021-11-23,4607.905931187543,5287.284935475273,1.3159432301062655
2021-11-24,4543.556504182099,5213.635810660601,1.3159432301062655
2021-11-25,4470.074129687035,5129.501128736688,1.3159432301062655
2021-11-26,4381.545668351319,5028.094064313478,1.3159432301062655
2021-11-29,4353.373088133346,4996.304260436244,1.3159432301062655
2021-11-30,4235.093305045359,4860.731357650507,1.3159432301062655
2021-12-01,4410.996803738926,5062.802969042948,1.3159432301062655
2021-12-02,4682.421929761819,5374.529795120279,1.3159432301062655
2021-12-03,4709.869184000189,5406.228794246743,1.3159432301062655
2021-12-06,4742.6337077433955,5444.425991670195,1.3159432301062655
2021-12-07,4789.84497660901,5498.821466101369,1.3159432301062655
2021-12-08,4684.202460478561,5377.735850758208,1.3159432301062655
2021-12-09,4735.098179052511,5436.362942117015,1.3159432301062655
2021-12-10,4659.421829383601,5349.6717114746625,1.3159432301062655
2021-12-13,4706.962565178667,5404.8392864576235,1.3159432301062655
2021-12-14,4707.264918659313,5405.3812094037285,1.3159432301062655
2021-12-15,4700.6739929679225,5398.007284396945,1.3159432301062655
2021-12-16,4781.164570603059,5490.636251563278,1.3159432301062655
2021-12-17,4687.48367708164,5383.248098381225,1.3159432301062655
2021-12-20,4638.284235169896,5327.321715504546,1.3159432301062655
2021-12-21,4780.007753741399,5490.296685145877,1.3159432301062655
2021-12-22,4859.155822469098,5581.40690488798,1.3159432301062655
2021-12-23,4931.150505583408,5664.306742132006,1.3159432301062655
2021-12-24,4953.539831740845,5690.229883932789,1.3159432301062655
2021-12-27,4939.713518952829,5674.960638724361,1.3159432301062655
2021-12-28,4987.571518986214,5730.1484603691715,1.3159432301062655
2021-12-29,4902.000110301381,5632.039619062997,1.3159432301062655
2021-12-30,4991.76999236363,5735.385278474105,1.3159432301062655
2022-01-03,4997.310942789709,5742.987525366368,1.9654358553891216
2022-01-04,4950.933403185707,5689.995901117559,1.9654358553891216
2022-01-05,4800.298161140303,5517.171087689078,1.9654358553891216
2022-01-06,4741.846902701701,5450.284029984714,1.9654358553891216
2022-01-07,4844.125358490445,5568.142608764279,1.9654358553891216
2022-01-10,4761.637728806572,5474.209705430365,1.9654358553891216
2022-01-11,4759.201364551511,5471.7031632423295,1.9654358553891216
2022-01-12,4850.180379567818,5576.602745044047,1.9654358553891216
2022-01-13,4873.6343348062765,5603.870983626415,1.9654358553891216
2022-01-14,4940.401564531065,5680.94790093992,1.9654358553891216
2022-01-17,4927.037593642845,5666.4953311442105,1.9654358553891216
2022-01-18,4864.522246035705,5594.898628699244,1.9654358553891216
2022-01-19,4776.415916532381,5493.8593192651815,1.9654358553891216
2022-01-20,4829.291727573167,5554.976263065966,1.9654358553891216
2022-01-21,4655.949328933351,5355.87436140318,1.9654358553891216
2022-01-24,4633.038045663649,5330.379199202702,1.9654358553891216
2022-01-25,4592.484056150038,5284.005551671958,1.9654358553891216
2022-01-26,4575.6649991110135,5264.937229775273,1.9654358553891216
2022-01-27,4488.809092519573,5165.27539439425,1.9654358553891216
2022-01-28,4685.424042813227,5391.810460586898,1.9654358553891216
2022-02-03,4680.546183267298,5387.936212842818,1.9654358553891216
2022-02-04,4765.955734411966,5486.549276885814,1.9654358553891216
2022-02-07,4690.552027312854,5400.616521481886,1.9654358553891216
2022-02-08,4629.306262867312,5330.386075624954,1.9654358553891216
2022-02-09,4684.056333105579,5393.717929633524,1.9654358553891216
2022-02-10,4767.733034595662,5490.367559470514,1.9654358553891216
2022-02-11,4679.912384414379,5389.526130318431,1.9654358553891216
2022-02-14,4562.755020205113,5255.452491056152,1.9654358553891216
2022-02-15,4456.346460405729,5133.165654424186,1.9654358553891216
2022-02-16,4631.842472359673,5335.602676115475,1.9654358553891216
2022-02-17,4647.416051752468,5353.830576508236,1.9654358553891216
2022-02-18,4635.10837653421,5339.939445787974,1.9654358553891216
2022-02-21,4613.795865495478,5316.244152454388,1.9654358553891216
2022-02-22,4558.84177696899,5253.205992849071,1.9654358553891216
2022-02-23,4608.702260717399,5310.946574089248,1.9654358553891216
2022-02-24,4502.463953842864,5188.799557421403,1.9654358553891216
2022-02-25,4617.8415543870515,5322.051174739247,1.9654358553891216
2022-02-28,4671.45908156903,5384.714370040691,1.9654358553891216
2022-03-02,4738.47240686584,5462.547356249842,1.9654358553891216
2022-03-03,4836.3157596572755,5575.64193730839,1.9654358553891216
2022-03-04,4770.129070925736,5499.633231997227,1.9654358553891216
2022-03-07,4642.744842749549,5353.6320201452845,1.9654358553891216
2022-03-08,4505.085557746923,5195.17418026773,1.9654358553891216
2022-03-10,4595.822962222675,5300.381105704485,1.9654358553891216
2022-03-11,4536.175194789969,5231.870611111127,1.9654358553891216
2022-03-14,4438.469465116765,5120.0065365169,1.9654358553891216
2022-03-15,4371.996378831652,5043.597741720262,1.9654358553891216
2022-03-16,4478.548093273752,5166.795341972889,1.9654358553891216
2022-03-17,4613.770297339156,5323.084434085927,1.9654358553891216
2022-03-18,4644.106480296874,5358.372778666278,1.9654358553891216
2022-03-21,4627.078233304737,5339.587419005152,1.9654358553891216
2022-03-22,4691.159482811806,5413.827644229657,1.9654358553891216
2022-03-23,4693.632043710292,5416.972575929241,1.9654358553891216
2022-03-24,4681.802871229439,5403.611153791734,1.9654358553891216
2022-03-25,4694.473853746588,5418.527220619201,1.9654358553891216
2022-03-28,4737.040237960847,5468.541497577326,1.9654358553891216
2022-03-29,4852.697990316816,5602.360754055799,1.9654358553891216
2022-03-30,4800.289488134968,5542.154203450745,1.9654358553891216
2022-03-31,4765.501156192067,5502.28554584145,1.9654358553891216
2022-04-01,4714.610184582838,5443.819345142494,1.9654358553891216
2022-04-04,4742.231743146604,5476.59708841922,1.9654358553891216
2022-04-05,4723.983806128539,5455.816905526576,1.9654358553891216
2022-04-06,4611.66508631184,5326.384524575331,1.9654358553891216
2022-04-07,4637.148713411461,5356.10582430418,1.9654358553891216
2022-04-08,4638.349095034174,5357.780607024923,1.9654358553891216
2022-04-11,4600.311498679872,5314.701011089025,1.9654358553891216
2022-04-12,4518.054217775427,5219.950743462772,1.9654358553891216
2022-04-13,4630.340890936558,5349.969439016932,1.9654358553891216
2022-04-14,4630.069208984086,5349.943402086724,1.9654358553891216
2022-04-15,4571.955610857381,5283.078685148465,1.9654358553891216
2022-04-18,4596.495830532087,5312.293332755369,1.9654358553891216
2022-04-19,4712.529426808097,5446.6895419463535,1.9654358553891216
2022-04-20,4709.9976894445535,5444.056320545633,1.9654358553891216
2022-04-21,4727.614920567214,5464.713261906862,1.9654358553891216
2022-04-22,4667.957845837498,5396.045201379182,1.9654358553891216
2022-04-25,4516.714727750489,5222.054723928602,1.9654358553891216
2022-04-26,4550.311437844839,5261.181061955203,1.9654358553891216
2022-04-27,4497.302010005469,5200.170078381372,1.9654358553891216
2022-04-28,4460.874339413231,5158.326809025247,1.9654358553891216
2022-04-29,4550.903015131354,5262.714537693913,1.9654358553891216
2022-05-02,4507.767297231369,5213.67343525085,1.9654358553891216
2022-05-03,4529.957356493393,5239.620339953153,1.9654358553891216
2022-05-04,4509.1833409621395,5215.872522427227,1.9654358553891216
2022-05-06,4450.463449217993,5148.503949027386,1.9654358553891216
2022-05-09,4334.133292888349,5014.737200623456,1.9654358553891216
2022-05-10,4374.255560823341,5061.432351319093,1.9654358553891216
2022-05-11,4406.905084417435,5099.485367176251,1.9654358553891216
2022-05-12,4287.815276894145,4961.946638020265,1.9654358553891216
2022-05-13,4444.3483859182215,5143.366673806192,1.9654358553891216
2022-05-16,4426.58294656197,5123.634026997585,1.9654358553891216
2022-05-17,4502.89942406474,5212.248469244255,1.9654358553891216
2022-05-18,4539.307470015915,5254.674676202665,1.9654358553891216
2022-05-19,4487.972941460937,5195.529698702556,1.9654358553891216
2022-05-20,4503.072522183819,5213.290337648718,1.9654358553891216
2022-05-23,4531.718446006492,5247.301199572914,1.9654358553891216
2022-05-24,4357.51170602243,5045.857783483157,1.9654358553891216
2022-05-25,4352.540249138624,5040.372208385625,1.9654358553891216
2022-05-26,4279.755395108367,4956.351853894101,1.9654358553891216
2022-05-27,4309.853291429063,4991.476576867929,1.9654358553891216
2022-05-30,4383.162851258116,5077.199874326281,1.9654358553891216
2022-05-31,4386.927751744794,5081.834357538625,1.9654358553891216
2022-06-02,4337.088921166971,5024.641561003857,1.9654358553891216
2022-06-03,4370.288602952176,5063.376791095931,1.9654358553891216
2022-06-07,4288.95624683135,4970.215432858644,1.9654358553891216
2022-06-08,4293.934996763657,4976.252770268933,1.9654358553891216
2022-06-09,4296.258037102218,4979.212868458286,1.9654358553891216
2022-06-10,4218.404964898243,4889.246959155642,1.9654358553891216
2022-06-13,4033.503744754181,4675.696063433367,1.9654358553891216
2022-06-14,3996.6649354780843,4633.2412857689105,1.9654358553891216
2022-06-15,3920.3536267495115,4545.019906871937,1.9654358553891216
2022-06-16,3909.4761573156247,4532.653121530641,1.9654358553891216
2022-06-17,3837.078556623824,4448.954612056251,1.9654358553891216
2022-06-20,3703.799152746621,4295.115193309738,1.9654358553891216
2022-06-21,3719.5489636299303,4313.611586634568,1.9654358553891216
2022-06-22,3514.73878107768,4076.309766068844,1.9654358553891216
2022-06-23,3467.7371632274435,4022.014832427245,1.9654358553891216
2022-06-24,3598.7920633216536,4174.241948998852,1.9654358553891216
2022-06-27,3707.4337271500626,4300.949705777972,1.9654358553891216
2022-06-28,3744.7816754586834,4344.510384310989,1.9654358553891216
2022-06-29,3700.4818873311438,4293.3469779395655,1.9654358553891216
2022-06-30,3591.010814678991,4166.561416182241,1.9654358553891216
2022-07-01,3478.8357286735095,4036.6246282225784,1.9654358553891216
2022-07-04,3491.7349682611766,4052.246160661234,1.9654358553891216
2022-07-05,3587.593504341295,4163.7164406769525,1.9654358553891216
2022-07-06,3524.6414969425346,4090.8752441694537,1.9654358553891216
2022-07-07,3629.782915704329,4213.134334075453,1.9654358553891216
2022-07-08,3658.181024547764,4246.324858873239,1.9654358553891216
2022-07-11,3737.2416029307274,4338.796705018198,1.9654358553891216
2022-07-12,3629.2232954360497,4213.618245025266,1.9654358553891216
2022-07-13,3722.19042791732,4321.787937199719,1.9654358553891216
2022-07-14,3720.521571625427,4320.082313488046,1.9621376743856467
2022-07-15,3784.8232542192964,4394.982277132457,1.9621376743856467
2022-07-18,3862.4752150933778,4485.8755005117455,1.9621376743856467
2022-07-19,3809.766928801048,4424.897835195351,1.9621376743856467
2022-07-20,3847.85825131984,4469.379525985194,1.9621376743856467
2022-07-21,3966.5346206805893,4607.472473608557,1.9621376743856467
2022-07-22,3943.8221507670446,4581.336076568207,1.9621376743856467
2022-07-25,3913.0432184513597,4546.314339715571,1.9621376743856467
2022-07-26,3916.5557995711642,4550.63983185502,1.9621376743856467
2022-07-27,3920.0535085128768,4554.948494720802,1.9621376743856467
2022-07-28,3907.3041960781115,4540.378191335232,1.9621376743856467
2022-07-29,3887.0320327226445,4517.064112323272,1.9621376743856467
2022-08-01,3898.693738527924,4531.346172729506,1.9621376743856467
2022-08-02,3867.6511570595717,4495.507708293481,1.9621376743856467
2022-08-03,3873.405189417011,4502.43768334592,1.9621376743856467
2022-08-04,3865.252763206569,4493.202684714866,1.9621376743856467
2022-08-05,3860.328885480742,4487.719941761771,1.9621376743856467
2022-08-08,3792.9949859873077,4410.153386528085,1.9621376743856467
2022-08-09,3723.6409759799612,4329.747365418233,1.9621376743856467
2022-08-10,3612.524065159989,4200.769330971602,1.9621376743856467
2022-08-11,3660.579737449769,4256.878816413041,1.9621376743856467
2022-08-12,3715.044328344326,4320.447633610952,1.9621376743856467
2022-08-16,3779.0867220659575,4395.870759164612,1.9621376743856467
2022-08-17,3760.652326605471,4374.662685481799,1.9621376743856467
2022-08-18,3785.4087592655364,4403.697713571021,1.9621376743856467
2022-08-19,3739.4910088147594,4350.513695666504,1.9621376743856467
2022-08-22,3658.1188084332657,4256.531375668297,1.9621376743856467
2022-08-23,3564.813899373064,4148.186033664342,1.9621376743856467
2022-08-24,3548.9012107931235,4129.891124213013,1.9621376743856467
2022-08-25,3604.6136614343777,4194.949591372098,1.9621376743856467
2022-08-26,3624.2258015288794,4218.000237579616,1.9621376743856467
2022-08-29,3483.8934766181337,4055.3300459437837,1.9621376743856467
2022-08-30,3525.87948961261,4104.423184973658,1.9621376743856467
2022-08-31,3598.023920372059,4188.630432551805,1.9621376743856467
2022-09-01,3492.300979933632,4065.7717424116913,1.9621376743856467
2022-09-02,3449.419175222847,4016.0640493063834,1.9621376743856467
2022-09-05,3405.73154519251,3965.838777381719,1.9621376743856467
2022-09-06,3431.623856520226,3996.2040091141616,1.9621376743856467
2022-09-07,3394.647743639585,3953.356849412476,1.9621376743856467
2022-09-08,3376.5775247649485,3932.523783613962,1.9621376743856467
2022-09-13,3531.1962288749887,4113.704778910568,1.9621376743856467
2022-09-14,3443.310426407919,4011.5367640260733,1.9621376743856467
2022-09-15,3434.5676179473458,4001.566142939573,1.9621376743856467
2022-09-16,3400.9569828175618,3962.6197295274324,1.9621376743856467
2022-09-19,3414.0119289613085,3978.4717516727883,1.9621376743856467
2022-09-20,3385.7834385895494,3945.7880273768055,1.9621376743856467
2022-09-21,3343.0638021603004,3896.2119082757467,1.9621376743856467
2022-09-22,3282.8916986238487,3826.289181393579,1.9621376743856467
2022-09-23,3224.7499576241644,3758.7254941771707,1.9621376743856467
2022-09-26,3096.096302593411,3609.350105122639,1.9621376743856467
2022-09-27,3112.4170271415933,3628.5713073861066,1.9621376743856467
2022-09-28,3015.36162827172,3515.609370358201,1.9621376743856467
2022-09-29,2975.397123059827,3469.201120565797,1.9621376743856467
2022-09-30,2976.746857180194,3470.96131119736,1.9621376743856467
2022-10-04,3150.53290660665,3674.3895819238082,1.9621376743856467
2022-10-05,3150.044855604264,3674.017739066456,1.9621376743856467
2022-10-06,3261.045474913839,3803.6863294233676,1.9621376743856467
2022-10-07,3246.2012720278817,3786.5754434605346,1.9621376743856467
2022-10-11,3148.6646603315003,3673.591759329192,1.9621376743856467
2022-10-12,3200.1030811931137,3733.8062659936236,1.9621376743856467
2022-10-13,3137.552169516564,3661.0199697703033,1.9621376743856467
2022-10-14,3235.056682978329,3774.994875983305,1.9621376743856467
2022-10-17,3235.6201497148973,3776.26087526732,1.9621376743856467
2022-10-18,3237.812842646093,3779.022945633072,1.9621376743856467
2022-10-19,3156.5470276080896,3684.3712217643883,1.9621376743856467
2022-10-20,3103.0416811202726,3622.113512702273,1.9621376743856467
2022-10-21,3103.29213852954,3622.6004633234234,1.9621376743856467
2022-10-24,3219.508599946469,3758.870401879721,1.9621376743856467
2022-10-25,3287.294104299567,3838.2181392363077,1.9621376743856467
2022-10-26,3280.880373683245,3830.9353073167613,1.9621376743856467
2022-10-27,3242.139333586859,3785.9025200029128,1.9621376743856467
2022-10-28,3090.373936142057,3608.877284286803,1.9621376743856467
2022-10-31,3166.471949989621,3698.3389656964714,1.9621376743856467
2022-11-01,3196.2421450927022,3733.3101549995163,1.9621376743856467
2022-11-02,3177.9292310201504,3712.1195080920415,1.9621376743856467
2022-11-03,3159.5143649326046,3690.807477753942,1.9621376743856467
2022-11-04,3163.560776228888,3695.7328453013765,1.9621376743856467
2022-11-07,3239.160440952603,3784.659676883066,1.9621376743856467
2022-11-08,3319.7112221924626,3878.9841912665142,1.9621376743856467
2022-11-09,3340.0457816379217,3902.954178415167,1.9621376743856467
2022-11-10,3292.9251054786328,3848.098817146098,1.9621376743856467
2022-11-11,3437.1152245647545,4016.8145741780695,1.9621376743856467
2022-11-14,3413.5547302785585,3989.9233150375153,1.9621376743856467
2022-11-15,3512.7431559038314,4106.079980355033,1.9621376743856467
2022-11-16,3527.8987579247873,4124.017044381412,1.9621376743856467
2022-11-17,3444.8669379162734,4027.1714500794606,1.9621376743856467
2022-11-18,3429.2270402391973,4009.1032148756135,1.9621376743856467
2022-11-21,3393.126226922833,3967.5371284663142,1.9621376743856467
2022-11-22,3334.620654798129,3899.3368079323395,1.9621376743856467
2022-11-23,3376.380603348973,3948.3808777560043,1.9621376743856467
2022-11-24,3432.3097400017446,4014.000718092552,1.9621376743856467
2022-11-25,3385.218262315437,3959.141083541103,1.9621376743856467
2022-11-28,3331.4619331945337,3896.898946590131,1.9621376743856467
2022-11-29,3396.389316512821,3973.059643304229,1.9621376743856467
2022-11-30,3411.80136743427,3991.302897361567,1.9621376743856467
2022-12-01,3433.095187576541,4016.4292695696095,1.9621376743856467
2022-12-02,3345.796314669823,3914.5072935742924,1.9621376743856467
2022-12-05,3344.972885687203,3914.1746114256375,1.9621376743856467
2022-12-06,3274.517232981082,3831.935621653663,1.9621376743856467
2022-12-07,3244.602095990646,3797.1320278767926,1.9621376743856467
2022-12-08,3241.606665569893,3793.830294618417,1.9621376743856467
2022-12-09,3331.266248722361,3898.9732716266512,1.9621376743856467
2022-12-12,3262.591401422046,3819.21041818265,1.9621376743856467
2022-12-13,3294.2209866913763,3856.443372104728,1.9621376743856467
2022-12-14,3368.7739656430085,3943.932113923255,1.9621376743856467
2022-12-15,3311.7501909911257,3877.3808287535307,1.9621376743856467
2022-12-16,3267.7059177082915,3826.0195345714537,1.9621376743856467
2022-12-19,3271.293399778303,3830.83724943058,1.9621376743856467
2022-12-20,3204.821696741439,3753.1973952385065,1.9621376743856467
2022-12-21,3182.540482699389,3727.303873497668,1.9621376743856467
2022-12-22,3230.2495104446007,3783.382608411069,1.9621376743856467
2022-12-23,3141.8427235771737,3680.0351315309413,1.9621376743856467
2022-12-26,3148.132849425442,3687.997011695901,1.9621376743856467
2022-12-27,3186.3989908783556,3733.025831522197,1.9621376743856467
2022-12-28,3098.2916619858784,3629.998682278115,1.9621376743856467
2022-12-29,3014.791676738456,3532.358766476607,1.9621376743856467
2023-01-02,2988.13762949026,3501.5125190177823,1.0006122183352293
2023-01-03,3021.4011965170303,3540.5879025488393,1.0006122183352293
2023-01-04,3197.0635003533785,3746.538018984404,1.0006122183352293
2023-01-05,3181.044167181868,3727.867590137078,1.0006122183352293
2023-01-06,3246.395930705462,3804.5575854983263,1.0006122183352293
2023-01-09,3314.058281063362,3884.172504840157,1.0006122183352293
2023-01-10,3338.0326968602276,3912.3783938001357,1.0006122183352293
2023-01-11,3359.2477993466873,3937.351652769857,1.0006122183352293
2023-01-12,3353.886565087431,3931.1754789729284,1.0006122183352293
2023-01-13,3342.9323990851085,3918.443167130329,1.0006122183352293
2023-01-16,3362.43394640446,3941.6259704985678,1.0006122183352293
2023-01-17,3348.3233544410873,3925.1923042062467,1.0006122183352293
2023-01-18,3340.096165224885,3915.654953659685,1.0006122183352293
2023-01-19,3363.8601196298455,3943.622039166104,1.0019060144007206
2023-01-20,3365.181051560876,3945.278852721391,1.0019060144007206
2023-01-25,3491.0452388176755,4093.4011508685826,1.0019060144007206
2023-01-26,3515.7873944619996,4122.525476394693,1.0019060144007206
2023-01-27,3516.5169170057447,4123.494003704073,1.0019060144007206
2023-01-30,3467.310296253846,4066.1285352800573,1.0019060144007206
2023-01-31,3448.2810825497904,4043.9238254871198,1.0019060144007206
2023-02-01,3489.871337664974,4092.810486023583,1.0019060144007206
2023-02-02,3561.2031983025972,4176.5807945240795,1.0019060144007206
2023-02-03,3554.590737143063,4168.9400507225955,1.0019060144007206
2023-02-06,3494.1313124137782,4098.368499290787,1.0019060144007206
2023-02-07,3569.567917960082,4186.965141739509,1.0019060144007206
2023-02-08,3642.571280534492,4272.7124634301035,1.0019060144007206
2023-02-09,3649.053229715362,4280.433159758219,1.0019060144007206
2023-02-10,3607.120928049494,4231.361558916824,1.0019060144007206
2023-02-13,3576.2048641188285,4195.440450194499,1.0019060144007206
2023-02-14,3643.5457580186894,4274.558966662085,1.0019060144007206
2023-02-15,3607.618160094471,4232.525289037223,1.0019060144007206
2023-02-16,3668.8057053027696,4304.4297349406725,1.0019060144007206
2023-02-17,3592.9760984750924,4215.578210659283,1.0019060144007206
2023-02-20,3605.355559789287,4230.4509276061235,1.0019060144007206
2023-02-21,3570.281288610127,4189.410406034092,1.0019060144007206
2023-02-22,3506.7952830035874,4115.028049108561,1.0019060144007206
2023-02-23,3619.9787179698405,4247.95899835322,1.0019060144007206
2023-02-24,3593.869059882476,4217.435619075057,1.0019060144007206
2023-02-27,3535.9691966520813,4149.831111897905,1.0019060144007206
2023-02-28,3544.1709837321173,4159.570866960526,1.0019060144007206
2023-03-02,3500.1140686744475,4108.089396166187,1.0019060144007206
2023-03-03,3486.345376735047,4092.041305191491,1.0019060144007206
2023-03-06,3560.4956539168475,4179.417894301279,1.0019060144007206
2023-03-07,3545.1983567432953,4161.575614223355,1.0019060144007206
2023-03-08,3494.8711334493028,4102.610905482125,1.0019060144007206
2023-03-09,3470.6109970600287,4074.243814792677,1.0019060144007206
2023-03-10,3368.169425378597,3954.0933525803707,1.0019060144007206
2023-03-13,3376.8138355059004,3964.567762702692,1.0019060144007206
2023-03-14,3243.1036089017402,3807.688944528114,1.0019060144007206
2023-03-15,3236.3648724328436,3799.8813055958353,1.0019060144007206
2023-03-16,3286.4741076094538,3858.8214170431893,1.0019060144007206
2023-03-17,3488.3716982847595,4095.992307809484,1.0019060144007206
2023-03-20,3470.818610766619,4075.717114481274,1.0019060144007206
2023-03-21,3459.530305797184,4062.5729060722097,1.0019060144007206
2023-03-22,3545.773301576811,4163.963431685355,1.0019060144007206
2023-03-23,3617.7488981371107,4248.604198942897,1.0019060144007206
2023-03-24,3946.801491561699,4635.163420771696,1.0019060144007206
2023-03-27,3972.779113231772,4666.055749101497,1.0019060144007206
2023-03-28,4075.070515369269,4786.3289765994705,1.0019060144007206
2023-03-29,4079.9349932695636,4792.173944324278,1.0019060144007206
2023-03-30,4158.090951373929,4884.1076488313975,1.0019060144007206
2023-03-31,4126.538634339425,4847.179148706324,1.0019060144007206
2023-04-03,4071.169083648715,4782.533636024157,1.0019060144007206
2023-04-04,3953.2506148190855,4644.138395724712,1.0019060144007206
2023-04-05,3975.2043122602554,4670.05691902154,1.0019060144007206
2023-04-06,3918.5389680194035,4603.612936267356,1.0019060144007206
2023-04-07,4108.029781601214,4826.3646125970545,1.0019060144007206
2023-04-10,4165.7696366586615,4894.603679329981,1.0019060144007206
2023-04-11,4347.577560882118,5108.360446637213,1.0019060144007206
2023-04-12,4242.035367807439,4984.486142347969,1.0019060144007206
2023-04-13,4210.358751337694,4947.401118610956,1.0019060144007206
2023-04-14,4149.950777683002,4876.552219123945,1.0019060144007206
2023-04-17,4134.629285376002,4858.947956357947,1.0019060144007206
2023-04-18,4090.9967558468848,4807.8036070250055,1.0019060144007206
2023-04-19,4145.717515188812,4872.245947808406,1.0019060144007206
2023-04-20,4143.236054335637,4869.463185145026,1.0019060144007206
2023-04-21,4199.46589631042,4935.684389050639,1.0019060144007206
2023-04-24,4071.6453486120126,4785.8491179608545,1.0019060144007206
2023-04-25,4011.987753824037,4715.856392011882,1.0019060144007206
2023-04-26,4076.3891832218787,4791.6879322865425,1.0019060144007206
2023-04-27,4098.846931183819,4818.218585927556,1.0019060144007206
2023-04-28,4059.4800950084514,4772.073537009965,1.0019060144007206
2023-05-02,4118.096008627677,4841.509942597447,1.0019060144007206
2023-05-03,4178.184143543791,4912.288328968645,1.0019060144007206
2023-05-04,4081.0005693413846,4798.16127844828,1.0019060144007206
2023-05-08,4136.699456280828,4864.181872157349,1.0019060144007206
2023-05-09,4074.355355288961,4791.005317633721,1.0019060144007206
2023-05-10,4021.3066045348714,4728.7553805629,1.0019060144007206
2023-05-11,3973.8610098716154,4673.0910974069775,1.0019060144007206
2023-05-12,3982.7097682662234,4683.625331515811,1.0019060144007206
2023-05-15,3941.4402506451042,4635.474238736357,1.0019060144007206
2023-05-16,3984.553790635402,4686.308031520733,1.0019060144007206
2023-05-17,4033.1843119380796,4743.633412238927,1.0019060144007206
2023-05-18,4150.583250679432,4881.846190011735,1.0019060144007206
2023-05-19,4481.656610738791,5271.393700142478,1.0019060144007206
2023-05-22,4492.650002641314,5284.759155442795,1.0019060144007206
2023-05-23,4495.071808327762,5287.752997840694,1.0019060144007206
2023-05-24,4472.3465436226425,5261.164571123517,1.0019060144007206
2023-05-25,4536.962799268392,5337.32403555663,1.0019060144007206
2023-05-26,4618.143489357729,5432.9747591389505,1.0019060144007206
2023-05-30,4711.73672284876,5543.689907266005,1.0019060144007206
2023-05-31,4633.054119436186,5451.263813823498,1.0019060144007206
2023-06-01,4649.042921531046,5470.226328919334,1.0019060144007206
2023-06-02,4623.823567516632,5440.70159399097,1.0019060144007206
2023-06-05,4579.651040682166,5389.168679298374,1.0019060144007206
2023-06-07,4559.601846013995,5365.869870794395,1.0019060144007206
2023-06-08,4605.470020841371,5419.997521102696,1.0019060144007206
2023-06-09,4718.323039871147,5552.962142282461,1.0019060144007206
2023-06-12,4707.589240607316,5540.785532499974,1.0019060144007206
2023-06-13,4785.822951080919,5633.020341996064,1.0019060144007206
2023-06-14,4738.714103571778,5577.725174566882,1.0019060144007206
2023-06-15,4906.168201600798,5774.986196372094,1.0019060144007206
2023-06-16,4942.8177206448045,5818.285459428668,1.0019060144007206
2023-06-19,4868.579052472557,5731.369307932852,1.0019060144007206
2023-06-20,4993.240399438159,5878.283884975628,1.0019060144007206
2023-06-21,4864.037247645742,5726.336764312799,1.0019060144007206
2023-06-22,4849.841094946131,5709.780527859244,1.0019060144007206
2023-06-23,4977.442566783718,5860.16813192181,1.0019060144007206
2023-06-26,5023.647078088966,5915.053513663802,1.0019060144007206
2023-06-27,4981.816739087262,5865.961614866659,1.0019060144007206
2023-06-28,4995.46411422822,5882.192397735801,1.0019060144007206
2023-06-29,5081.034687599313,5983.116436586639,1.0019060144007206
2023-06-30,5046.286387954903,5942.361957667209,1.0019060144007206
2023-07-03,5162.859868788533,6080.1358473756045,1.0019060144007206
2023-07-04,5197.780766819423,6121.428988649135,1.0019060144007206
2023-07-05,5129.381497231562,6041.040840293607,1.0019060144007206
2023-07-06,4940.650840439048,5818.926167946717,1.0019060144007206
2023-07-07,4877.994185551422,5745.288938997476,1.0019060144007206
2023-07-10,4789.360528771623,5641.360648291196,1.0019060144007206
2023-07-11,4966.460572416499,5850.126255524026,1.0019060144007206
2023-07-12,5060.433825191888,5960.983363598657,1.0019060144007206
2023-07-13,5408.680112014657,6371.377963802506,1.0019060144007206
2023-07-14,5620.007957405599,6620.501921122772,1.0019060144007206
2023-07-17,5843.723496090091,6884.610604274916,1.0019060144007206
2023-07-18,5823.095768766449,6860.496838303326,1.0019060144007206
2023-07-19,5611.639674861971,6611.550594412698,1.0019060144007206
2023-07-20,5718.243450341034,6737.334385473421,1.0019060144007206
2023-07-21,5603.555018193359,6602.3875731058915,1.0019060144007206
2023-07-24,5704.239169187845,6721.571740335705,1.0019060144007206
2023-07-25,5684.484045695679,6698.477093405437,1.0019060144007206
2023-07-26,5559.081894779822,6550.885512276202,1.0019060144007206
2023-07-27,5929.790288954372,6987.924190646323,1.0019060144007206
2023-07-28,6086.689255243187,7173.017549265455,1.0019060144007206
2023-07-31,6016.26914325184,7090.612586613679,1.0019060144007206
2023-08-01,6274.6477816164115,7395.33353629207,1.0019060144007206
2023-08-02,5902.416286862699,6956.810324592774,1.0019060144007206
2023-08-03,5930.597428633072,6990.217421798083,1.0019060144007206
2023-08-04,5835.404938402997,6878.205555682193,1.0019060144007206
2023-08-07,5814.894250099986,6854.593591348392,1.0019060144007206
2023-08-08,5756.06944096134,6785.437068405164,1.0019060144007206
2023-08-09,5748.102595530593,6776.2313701549365,1.0019060144007206
2023-08-10,5666.903775601689,6680.69225333426,1.0019060144007206
2023-08-11,5643.588499513691,6653.388461181726,1.0019060144007206
2023-08-14,5533.816049239562,6524.511440331593,1.0019060144007206
2023-08-16,5573.709785183392,6571.907705163014,1.0019060144007206
2023-08-17,5638.209728997283,6648.1413278860955,1.0019060144007206
2023-08-18,5946.00972967894,7011.267627992042,1.0019060144007206
2023-08-21,5971.922126409463,7042.4018486223085,1.0019060144007206
2023-08-22,5804.012366228519,6844.581653840785,1.0019060144007206
2023-08-23,5862.383406818919,6913.607355403719,1.0019060144007206
2023-08-24,5993.082135140101,7067.936437098317,1.0019060144007206
2023-08-25,5856.953010626783,6907.5821417566585,1.0019060144007206
2023-08-28,5823.115968702352,6868.2405150903805,1.0019060144007206
2023-08-29,5873.750672134966,6928.153101674881,1.0019060144007206
2023-08-30,6015.083778500338,7095.051661850081,1.0019060144007206
2023-08-31,6132.554223798196,7233.811559451489,1.0019060144007206
2023-09-01,6218.846141091163,7335.800623388964,1.0019060144007206
2023-09-04,6167.655372261778,7276.0142922887535,1.0019060144007206
2023-09-05,6188.450375619654,7300.746522145785,1.0019060144007206
2023-09-06,6038.877864641503,7124.485657130171,1.0019060144007206
2023-09-07,6039.673278049918,7125.619517148941,1.0019060144007206
2023-09-08,5891.472992395684,6950.963166040102,1.0019060144007206
2023-09-11,5873.171558329445,6929.940734777863,1.0019060144007206
2023-09-12,5838.122539495432,6888.774248441333,1.0019060144007206
2023-09-13,5844.8168223053335,6896.8624414792985,1.0019060144007206
2023-09-14,6137.153935257853,7242.017812077435,1.0019060144007206
2023-09-15,6191.445624331113,7306.283974565597,1.0019060144007206
2023-09-18,5890.081928396749,6951.228391742575,1.0019060144007206
2023-09-19,5784.417230122761,6826.7145896900165,1.0019060144007206
2023-09-20,5773.1208939309645,6813.569656195661,1.0019060144007206
2023-09-21,5612.514757245933,6624.200312407074,1.0019060144007206
2023-09-22,5702.711519003458,6730.840145433835,1.0019060144007206
2023-09-25,5712.664693345505,6743.1426160192295,1.0019060144007206
2023-09-26,5675.066648022204,6698.946206204706,1.0019060144007206
2023-09-27,5722.200147672051,6754.768682148951,1.0019060144007206
2023-10-04,5679.734415742654,6705.927417708555,1.0019060144007206
2023-10-05,5710.3175128163775,6742.221092180218,1.0019060144007206
2023-10-06,5742.246640711885,6780.106066511815,1.0019060144007206
2023-10-10,5634.093702376792,6653.135377797552,1.0019060144007206
2023-10-11,5785.041669452596,6831.572777631521,1.0019060144007206
2023-10-12,5993.285518086509,7077.6826933640405,1.0019060144007206
2023-10-13,6066.507051873756,7164.3491081964185,1.0019060144007206
2023-10-16,6035.676522480637,7128.525820561871,1.0019060144007206
2023-10-17,6285.150717699637,7423.374664167436,1.0019060144007206
2023-10-18,6259.272625632355,7393.012908892959,1.0019060144007206
2023-10-19,6109.545409362661,7216.363588633611,1.0019060144007206
2023-10-20,6154.043050866107,7269.1219086386345,1.0019060144007206
2023-10-23,6013.769055576785,7104.015590615118,1.0019060144007206
2023-10-24,6232.298145407468,7362.364144186142,1.0019060144007206
2023-10-25,6273.774715024878,7411.564715206463,1.0019060144007206
2023-10-26,6090.547452599299,7195.305359409554,1.0019060144007206
2023-10-27,5998.73963977519,7087.039022381088,1.0019060144007206
2023-10-30,6002.5607739147,7092.1369704400995,1.0019060144007206
2023-10-31,5848.625103317384,6910.448671551978,1.0019060144007206
2023-11-01,5972.666450369515,7057.203424303299,1.0019060144007206
2023-11-02,6277.835748735015,7417.989870976546,1.0019060144007206
2023-11-03,6247.628535093588,7382.499051754805,1.0019060144007206
2023-11-06,6534.600311549016,7722.234163028383,1.0019060144007206
2023-11-07,6596.966022767215,7796.148406157124,1.0019060144007206
2023-11-08,6510.777702640451,7694.504017192958,1.0019060144007206
2023-11-09,6466.3180376241335,7642.17075232865,1.0019060144007206
2023-11-10,6664.4558591690675,7876.554543228346,1.0019060144007206
2023-11-13,6487.499077175494,7668.04469332652,1.0019060144007206
2023-11-14,6553.016552512015,7745.697003265304,1.0019060144007206
2023-11-15,6779.140389064654,8013.196264390019,1.0019060144007206
2023-11-16,6827.760536510834,8070.888472329235,1.0019060144007206
2023-11-17,6794.550868488022,8031.85264507518,1.0019060144007206
2023-11-20,6820.5940386132725,8063.3018216237015,1.0019060144007206
2023-11-21,6788.806754487797,8025.943066204537,1.0019060144007206
2023-11-22,6809.101380298555,8050.156833032944,1.0019060144007206
2023-11-23,6632.804081488628,7841.941951128507,1.0019060144007206
2023-11-24,6654.798503428593,7868.161705391198,1.0019060144007206
2023-11-27,6708.0166781297985,7931.73576551734,1.0019060144007206
2023-11-28,6824.852485895238,8070.106867335219,1.0019060144007206
2023-11-29,6759.143836300652,7992.628333824045,1.0019060144007206
2023-11-30,6856.740928303394,8108.258448589978,1.0019060144007206
2023-12-01,6886.50341378257,8143.676672711649,1.0019060144007206
2023-12-04,6751.722014416229,7984.947149486761,1.0019060144007206
2023-12-05,6496.573301536076,7683.405406244603,1.0019060144007206
2023-12-06,6492.777670144019,7679.127004640842,1.0019060144007206
2023-12-07,6495.4790390240005,7682.532694470683,1.0019060144007206
2023-12-08,6625.375089501546,7836.382296874749,1.0019060144007206
2023-12-11,6566.532514302619,7767.423432748594,1.0019060144007206
2023-12-12,6710.632124039028,7938.093796302069,1.0019060144007206
2023-12-13,6892.568560639913,8153.532418310901,1.0019060144007206
2023-12-14,6918.390261971129,8184.302576587962,1.0019060144007206
2023-12-15,6885.458590570908,8145.56857054757,1.0019060144007206
2023-12-18,6929.043948516297,8197.805057676316,1.0019060144007206
2023-12-19,6967.081373253787,8243.033532629703,1.0019060144007206
2023-12-20,7036.943422087184,8325.918505316342,1.0019060144007206
2023-12-21,7086.924788895772,8385.285095905378,1.0019060144007206
2023-12-22,7041.540313467133,8331.814497213802,1.0019060144007206
2023-12-26,7074.5242363586485,8371.760783376618,1.0019060144007206
2023-12-27,7288.9758487235085,8625.77241750903,1.0019060144007206
2023-12-28,7301.692868375587,8641.05875948761,1.0019060144007206
2024-01-02,7347.76882997758,8697.106461081525,1.2768590079009534
2024-01-03,7165.7998656551235,8482.017388705282,1.2768590079009534
2024-01-04,7175.546321273899,8493.850999784298,1.2768590079009534
2024-01-05,7165.088015470543,8481.76777410795,1.2768590079009534
2024-01-08,7091.634036308642,8395.696064399666,1.2768590079009534
2024-01-09,7116.224764834373,8425.103236282155,1.2768590079009534
2024-01-10,7048.2567821049815,8344.925701897871,1.2768590079009534
2024-01-11,7076.190605551293,8378.291397494948,1.2768590079009534
2024-01-12,6950.019161679961,8229.190620897847,1.2768590079009534
2024-01-15,6933.35018540162,8210.31464095046,1.2768590079009534
2024-01-16,6855.875541687963,8118.854753652757,1.2768590079009534
2024-01-17,6774.750146552661,8023.065023158201,1.2768590079009534
2024-01-18,7033.094916224844,8329.303547499463,1.2768590079009534
2024-01-19,7455.107287014908,8829.402004364547,1.2768590079009534
2024-01-22,7679.314438761822,9095.893947409004,1.2768590079009534
2024-01-23,7554.359481845549,8948.201738746979,1.2768590079009534
2024-01-24,7727.390015248839,9153.477827632183,1.2768590079009534
2024-01-25,7656.6760544702465,9070.030687363605,1.2768590079009534
2024-01-26,7530.944684086673,8921.402286704328,1.2768590079009534
2024-01-29,7580.592664418176,8981.15870537197,1.2768590079009534
2024-01-30,7649.282385803576,9062.856132586916,1.2768590079009534
2024-01-31,7481.310666833571,8864.153406057312,1.2768590079009534
2024-02-01,7312.643120391329,8664.61230296559,1.2768590079009534
2024-02-02,7439.148396562491,8814.814150049386,1.2768590079009534
2024-02-05,7335.3550534147735,8692.738644283152,1.2768590079009534
2024-02-06,7442.512118458022,8820.033099931989,1.2768590079009534
2024-02-07,7391.599256721065,8760.003095373057,1.2768590079009534
2024-02-08,8089.346524594786,9587.259182629636,1.2768590079009534
2024-02-13,8434.77047601743,9998.392982610769,1.2768590079009534
2024-02-14,8409.83411828255,9969.182463373169,1.2768590079009534
2024-02-15,8282.293937238495,9818.337051211904,1.2768590079009534
2024-02-16,8182.252555495884,9700.0809759182,1.2768590079009534
2024-02-19,8605.965360370492,10203.463552328461,1.2768590079009534
2024-02-20,8507.806287967496,10087.436150329138,1.2768590079009534
2024-02-21,8432.17062418792,9998.106848583513,1.2768590079009534
2024-02-22,8865.529168582774,10512.311777851737,1.2768590079009534
2024-02-23,8756.176683544925,10383.009900093357,1.2768590079009534
2024-02-26,8805.273057766535,10442.323048321517,1.2768590079009534
2024-02-27,8925.009152250475,10584.690130715993,1.2768590079009534
2024-02-28,9234.703191557079,10952.357261908486,1.2768590079009534
2024-02-29,9011.93831360591,10688.531776021997,1.2768590079009534
2024-03-04,9547.713735328036,11325.567075552659,1.2768590079009534
2024-03-05,9637.163711013987,11432.072917640427,1.2768590079009534
2024-03-06,9919.104499486504,11766.93615125216,1.2768590079009534
2024-03-07,9904.769955653046,11750.341982732825,1.2768590079009534
2024-03-08,10002.22367156194,11866.369225226485,1.2768590079009534
2024-03-11,9778.340481378777,11601.976863474682,1.2768590079009534
2024-03-12,10155.402955782853,12049.78178685711,1.2768590079009534
2024-03-13,10327.377863476484,12254.265099556442,1.2768590079009534
2024-03-14,10306.133145004484,12229.484040477675,1.2768590079009534
2024-03-15,10333.463155065512,12262.343088989312,1.2768590079009534
2024-03-18,10450.406297977757,12402.415815941282,1.2768590079009534
2024-03-19,10056.578866462478,11935.443413385432,1.2768590079009534
2024-03-20,10140.772042687597,12035.787088087765,1.2768590079009534
2024-03-21,10585.64696111032,12564.235387593593,1.2768590079009534
2024-03-22,10610.60798975376,12594.302203863817,1.2768590079009534
2024-03-25,10601.622774874715,12584.956883329423,1.2768590079009534
2024-03-26,11294.28040173388,13407.66445232481,1.2768590079009534
2024-03-27,11689.66423404896,13877.517568054796,1.2768590079009534
2024-03-28,12147.345618540252,14421.363349664436,1.2768590079009534
2024-03-29,12206.23933748194,14491.78873409991,1.2768590079009534
2024-04-01,12214.375360271013,14502.969027603356,1.2768590079009534
2024-04-02,12350.048681848237,14664.575939245638,1.2768590079009534
2024-04-03,12269.704180254203,14569.68336085057,1.2768590079009534
2024-04-04,12622.966141355791,14989.688941202221,1.2768590079009534
2024-04-05,12505.62700807538,14850.868641102237,1.2768590079009534
2024-04-08,12197.463565210348,14486.432907107273,1.2768590079009534
2024-04-09,12178.758885155941,14464.723764311402,1.2768590079009534
2024-04-11,12799.737121808212,15203.32311576318,1.2768590079009534
2024-04-12,12902.252147271647,15325.624566067685,1.2768590079009534
2024-04-15,13025.072483435435,15473.136280117276,1.2768590079009534
2024-04-16,12359.2379062201,14682.671287488804,1.2768590079009534
2024-04-17,12364.022826139535,14688.869215144285,1.2768590079009534
2024-04-18,12817.134590364412,15227.713339462001,1.2768590079009534
2024-04-19,12113.740759618366,14392.532048341296,1.2768590079009534
2024-04-22,11663.926395079941,13859.553674609508,1.2768590079009534
2024-04-23,11534.282826942794,13705.985016409777,1.2768590079009534
2024-04-24,12162.255786222919,14452.69944420456,1.2768590079009534
2024-04-25,11767.949907229622,13984.62520165079,1.2768590079009534
2024-04-26,11990.205237912774,14249.243874575599,1.2768590079009534
2024-04-29,12103.930635176905,14385.90450360028,1.2768590079009534
2024-04-30,12126.899429687199,14413.707506460403,1.2768590079009534
2024-05-02,12060.010425138116,14335.207233584744,1.2768590079009534
2024-05-03,12063.254528279389,14339.564629250848,1.2768590079009534
2024-05-07,12368.877538395442,14704.914001064388,1.2768590079009534
2024-05-08,12290.981059681813,14612.816501118741,1.2768590079009534
2024-05-09,12097.327232756785,14383.083170616164,1.2768590079009534
2024-05-10,11854.278141514413,14094.603346429365,1.2768590079009534
2024-05-13,11937.41270014038,14194.937946213571,1.2768590079009534
2024-05-14,12194.389207052172,14501.019081833201,1.2768590079009534
2024-05-16,12538.644067401707,14911.433965169394,1.2768590079009534
2024-05-17,12426.836898604839,14778.98524679397,1.2768590079009534
2024-05-20,12709.10645043507,15116.26786318051,1.2768590079009534
2024-05-21,12661.733631753927,15060.448893689716,1.2768590079009534
2024-05-22,12888.451387960853,15330.653348220838,1.2768590079009534
2024-05-23,12902.747969201097,15348.195485643248,1.2768590079009534
2024-05-24,12754.632602419275,15172.53832225775,1.2768590079009534
2024-05-27,13021.652004332365,15491.801341683522,1.2768590079009534
2024-05-28,13379.40912242926,15917.979839431508,1.2768590079009534
2024-05-29,13266.880848188559,15784.652561546938,1.2768590079009534
2024-05-30,12956.199820014246,15415.549769974465,1.2768590079009534
2024-05-31,13085.242130598877,15569.631204629392,1.2768590079009534
2024-06-03,12905.012894895528,15356.793684123995,1.2768590079009534
2024-06-04,12860.634518238534,15304.519010456715,1.2768590079009534
2024-06-05,13288.842588605281,15814.65156882416,1.2768590079009534
2024-06-07,13481.918757136169,16045.5474833075,1.2768590079009534
2024-06-10,13607.293167365058,16196.460660564984,1.2768590079009534
2024-06-11,13479.456994080529,16044.860970208718,1.2768590079009534
2024-06-12,13877.298328246794,16518.996740839444,1.2768590079009534
2024-06-13,14329.122967484096,17057.42751731411,1.2768590079009534
2024-06-14,14043.208379620517,16717.65840676556,1.2768590079009534
2024-06-17,14157.254458773887,16855.19143103405,1.2768590079009534
2024-06-18,14692.995240504848,17493.639446817935,1.2768590079009534
2024-06-19,14933.58341436075,17780.7079003131,1.2768590079009534
2024-06-20,14963.231302399807,17816.631052106295,1.2768590079009534
2024-06-21,14876.419476730733,17713.883953562105,1.2768590079009534
2024-06-24,14861.11556045894,17697.516874908826,1.2768590079009534
2024-06-25,14713.394865382232,17522.214649340753,1.2768590079009534
2024-06-26,15188.141862961216,18088.224218980373,1.2768590079009534
2024-06-27,15348.810581610718,18280.21066843285,1.2768590079009534
2024-06-28,15704.528324437208,18704.519197112808,1.2768590079009534
2024-07-01,15437.565191341479,18388.487163850597,1.2768590079009534
2024-07-02,15409.757120381251,18356.00519946253,1.2768590079009534
2024-07-03,15648.214565938382,18640.705828355443,1.2768590079009534
2024-07-04,15634.562827614727,18625.09447803521,1.2768590079009534
2024-07-05,15673.794512712995,18672.483019673604,1.2768590079009534
2024-07-08,15666.900870016738,18666.227919257442,1.2768590079009534
2024-07-09,15854.296241533702,18890.15927354653,1.2768590079009534
2024-07-10,15736.544237425625,18750.514970645792,1.2768590079009534
2024-07-11,15825.734396596625,18857.44664486995,1.2768590079009534
2024-07-12,15336.885174844581,18275.58817419504,1.2768590079009534
2024-07-15,15233.638212676187,18154.461803536455,1.2768590079009534
2024-07-16,15399.390000330322,18352.635589691778,1.2768590079009534
2024-07-17,14517.717268420094,17302.48333863879,1.2768590079009534
2024-07-18,14260.269264432462,16996.246199157675,1.2768590079009534
2024-07-19,14064.678687866131,16763.71560538784,1.2768590079009534
2024-07-22,13700.982562190338,16331.938185019406,1.2768590079009534
2024-07-23,13655.610835293568,16278.422920573012,1.2768590079009534
2024-07-24,13766.207091270011,16410.834906670374,1.2768590079009534
2024-07-25,12934.964450531139,15420.441191837746,1.2768590079009534
2024-07-26,13155.70698751697,15684.148080346898,1.2768590079009534
2024-07-29,13307.737149831833,15867.061339672617,1.2768590079009534
2024-07-30,12948.510403381464,15439.288355738421,1.2768590079009534
2024-07-31,13379.169847474932,15953.347218855773,1.2768590079009534
2024-08-01,13203.191885661081,15744.061136574002,1.2768590079009534
2024-08-02,12020.492838305829,14334.260360684253,1.2768590079009534
2024-08-05,10668.60793752876,12723.491804486543,1.2768590079009534
2024-08-06,11146.259602138123,13293.60881191336,1.2768590079009534
2024-08-07,11468.178546828703,13678.024231696312,1.2768590079009534
2024-08-08,11202.387365881355,13361.483847353633,1.2768590079009534
2024-08-09,11536.813785948869,13760.847115109213,1.2768590079009534
2024-08-12,11843.945765342824,14128.66869770312,1.2768590079009534
2024-08-13,11842.658654440203,14127.627163614608,1.2768590079009534
2024-08-14,12162.920182778595,14510.188430423548,1.2768590079009534
2024-08-16,12936.960067727274,15434.68592548204,1.2768590079009534
2024-08-19,12605.467723468384,15040.76993060184,1.2768590079009534
2024-08-20,12774.615370116522,15243.12876570287,1.2768590079009534
2024-08-21,12591.993075832512,15025.742559901157,1.2768590079009534
2024-08-22,12367.69771132148,14758.61185922933,1.2768590079009534
2024-08-23,12246.026376037327,14613.92997478698,1.2768590079009534
2024-08-26,11871.926337998744,14168.979411418053,1.2768590079009534
2024-08-27,11722.733112029828,13991.40846712816,1.2768590079009534
2024-08-28,12065.042049209804,14400.467118585586,1.2768590079009534
2024-08-29,11366.22700990288,13566.857008994255,1.2768590079009534
2024-08-30,11541.015824932074,13775.968484187348,1.2768590079009534
2024-09-02,11313.56222890425,13505.884098174529,1.2768590079009534
2024-09-03,10981.463790948377,13109.890504446219,1.2768590079009534
2024-09-04,10298.974481825539,12295.550973547253,1.2768590079009534
2024-09-05,10248.720444223998,12235.98234037415,1.2768590079009534
2024-09-06,10031.71883323453,11977.322070407112,1.2768590079009534
2024-09-09,10092.121527440373,12050.703265139013,1.2768590079009534
2024-09-10,10008.209870946472,11950.924614324951,1.2768590079009534
2024-09-11,10011.196849764527,11954.909312927,1.2768590079009534
2024-09-12,10593.347039353583,12650.528434075546,1.2768590079009534
2024-09-13,10343.05752285169,12352.065589017799,1.2768590079009534
2024-09-19,10033.486094815933,11984.877140095015,1.2768590079009534
2024-09-20,10191.438897417094,12173.975411180634,1.2768590079009534
2024-09-23,10350.273153092474,12365.004280604324,1.2768590079009534
2024-09-24,10549.414853582748,12603.350462678498,1.2768590079009534
2024-09-25,10523.507185968889,12572.8381713995,1.2768590079009534
2024-09-26,11219.14001931671,13404.406013396701,1.2768590079009534
2024-09-27,11075.395070683966,13233.124993265612,1.2768590079009534
2024-09-30,10804.782395529222,12911.144953087245,1.2768590079009534
2024-10-02,10705.921958808261,12793.906395490949,1.2768590079009534
2024-10-04,10808.674499263241,12917.601941959809,1.2768590079009534
2024-10-07,11191.818375822639,13376.905447251687,1.2768590079009534
2024-10-08,10934.227379175569,13069.479339434854,1.2768590079009534
2024-10-10,11035.040952519064,13190.902138927395,1.2768590079009534
2024-10-11,10917.218250628588,13050.517210981161,1.2768590079009534
2024-10-14,11223.684814701226,13418.276534089611,1.2768590079009534
2024-10-15,11311.097307229458,13523.253719149994,1.2768590079009534
2024-10-16,10983.74022396955,13132.333176080627,1.2768590079009534
2024-10-17,11259.699899474097,13462.745540647047,1.2768590079009534
2024-10-18,10891.444500039363,13022.89342552991,1.2768590079009534
2024-10-21,10967.226587264791,13114.881305447849,1.2768590079009534
2024-10-22,10819.795660905149,12939.03206384444,1.2768590079009534
2024-10-23,11259.217199738463,13464.992297310499,1.2768590079009534
2024-10-24,11076.712043627189,13247.195936005424,1.2768590079009534
2024-10-25,11167.114398160036,13355.779531220862,1.2768590079009534
2024-10-28,11123.334082892561,13304.81382667191,1.2768590079009534
2024-10-29,11261.707189394529,13470.795214086267,1.2768590079009534
2024-10-30,11249.066910425876,13456.145817642075,1.2768590079009534
2024-10-31,11292.359462144053,13508.404631090229,1.2768590079009534
2024-11-01,11303.110683486908,13521.738386189112,1.2768590079009534
2024-11-04,11598.452427418288,13876.506348767087,1.2768590079009534
2024-11-05,11417.314375366392,13660.268468274811,1.2768590079009534
2024-11-06,11234.676856250913,13442.22134905833,1.2768590079009534
2024-11-07,11259.744671841987,13472.685803664215,1.2768590079009534
2024-11-08,11305.12688060291,13527.460117002242,1.2768590079009534
2024-11-11,10763.808096545357,12881.081024028053,1.2768590079009534
2024-11-12,10298.873863771529,12325.123703562678,1.2768590079009534
2024-11-13,10038.921238739515,12014.44674457457,1.2768590079009534
2024-11-14,9751.837640475556,11671.276927730381,1.2768590079009534
2024-11-15,10189.30798488457,12195.280204646182,1.2768590079009534
2024-11-18,9884.702690702981,11831.94792295965,1.2768590079009534
2024-11-19,9840.008929955888,11778.861434488685,1.2768590079009534
2024-11-20,9936.726850378906,11895.052247889695,1.2768590079009534
2024-11-21,10055.305226721433,12037.420789592032,1.2768590079009534
2024-11-22,10280.771341916048,12307.761340534162,1.2768590079009534
2024-11-25,10434.64920666141,12493.2883630865,1.2768590079009534
2024-11-26,10369.527131816512,12415.75245472934,1.2768590079009534
2024-11-27,9864.969213201502,11812.042720899011,1.2768590079009534
2024-11-28,9762.346921928693,11689.574248407585,1.2768590079009534
2024-11-29,9528.103434115841,11409.486580329998,1.2768590079009534
2024-12-02,9299.156488038283,11136.500462494267,1.2768590079009534
2024-12-03,9563.8558111427,11453.899948486389,1.2768590079009534
2024-12-04,9547.443616325883,11434.644039715939,1.2768590079009534
2024-12-05,9950.79869418075,11918.14513531353,1.2768590079009534
2024-12-06,9639.761332993407,11546.01700642398,1.2768590079009534
2024-12-09,9443.906104198953,11312.61784285171,1.2768590079009534
2024-12-10,9439.037093133407,11307.180645024087,1.2768590079009534
2024-12-11,9535.46377519762,11423.091102796887,1.2768590079009534
2024-12-12,9884.09371025108,11841.149275801534,1.2768590079009534
2024-12-13,9988.959118820389,11967.19642897576,1.2768590079009534
2024-12-16,10008.265794686353,11991.58413632088,1.2768590079009534
2024-12-17,10093.607054287602,12094.260087775185,1.2768590079009534
2024-12-18,10286.547675351361,12325.87433259732,1.2768590079009534
2024-12-19,9956.627665049653,11930.964158281671,1.2768590079009534
2024-12-20,9624.714970799574,11533.638453885553,1.2768590079009534
2024-12-23,10026.928267587195,12016.885105031639,1.2768590079009534
2024-12-24,10060.709036148834,12057.79155505485,1.2768590079009534
2024-12-26,9926.203327020354,11897.41781132112,1.2768590079009534
2024-12-27,10113.172815724047,12121.940751276736,1.2768590079009534
2024-12-30,10080.17580613163,12083.656729900355,1.2768590079009534
2025-01-02,10162.28653664047,12182.768062685325,0.6803239945739508
2025-01-03,10762.595345541617,12902.671521384658,0.6803239945739508
2025-01-06,11434.413583910964,13708.842692764707,0.6803239945739508
2025-01-07,11415.040245732807,13685.870698892062,0.6803239945739508
2025-01-08,11968.334973369847,14349.501388241655,0.6803239945739508
2025-01-09,12092.569918598729,14498.723614613762,0.6803239945739508
2025-01-10,12037.636016367633,14433.127912147844,0.6803239945739508
2025-01-13,11544.757230603003,13842.939635859544,0.6803239945739508
2025-01-14,11597.037863168183,13905.886636927971,0.6803239945739508
2025-01-15,11563.727421485295,13866.202705820704,0.6803239945739508
2025-01-16,11800.250440990032,14150.083822026434,0.6803239945739508
2025-01-17,12108.437044999268,14519.91136410775,0.6803239945739508
2025-01-20,12042.260181047945,14441.36186590448,0.6803239945739508
2025-01-21,12264.630295391304,14708.307296876834,0.6803239945739508
2025-01-22,12706.704633401227,15238.74695893388,0.6803239945739508
2025-01-23,12381.221597520911,14848.682070328578,0.6803239945739508
2025-01-24,12335.769745187537,14794.447653339274,0.6803239945739508
2025-01-31,11552.33576783811,13856.671636329069,0.6803239945739508
2025-02-03,10866.404963995597,13034.647041851553,0.6803239945739508
2025-02-04,10933.988704239355,13115.960487235468,0.6803239945739508
2025-02-05,11136.157650650539,13358.722809545185,0.6803239945739508
2025-02-06,11366.557195399657,13635.359690157422,0.6803239945739508
2025-02-07,11424.157330391228,13704.712265752043,0.6803239945739508
2025-02-10,11386.047693484768,13659.758215269041,0.6803239945739508
2025-02-11,11274.990744745506,13526.775953902801,0.6803239945739508
2025-02-12,11245.307955065506,13491.416354635148,0.6803239945739508
2025-02-13,11398.13274958751,13675.020683601211,0.6803239945739508
2025-02-14,11528.133059130985,13831.247439587349,0.6803239945739508
2025-02-17,11600.226450815571,13918.521505258188,0.6803239945739508
2025-02-18,11562.293386575511,13873.2659536777,0.6803239945739508
2025-02-19,12252.409543307003,14701.590471094876,0.6803239945739508
2025-02-20,12163.52497342007,14595.210274196565,0.6803239945739508
2025-02-21,12098.290737455256,14517.205055901128,0.6803239945739508
2025-02-24,11686.94843884121,14024.40321035599,0.6803239945739508
2025-02-25,11567.386386743843,13881.186631724735,0.6803239945739508
2025-02-26,11506.731645967997,13808.656448057991,0.6803239945739508
2025-02-27,11262.495095903778,13515.812053867632,0.6803239945739508
2025-02-28,10737.156985691012,12885.608175092593,0.6803239945739508
2025-03-04,10545.97820401187,12657.118427974568,0.6803239945739508
2025-03-05,10655.109048604989,12788.333758568397,0.6803239945739508
2025-03-06,10358.833659480528,12432.973613327384,0.6803239945739508
2025-03-07,10391.839961007425,12472.821054574079,0.6803239945739508
2025-03-10,10343.466634790077,12415.454620837736,0.6803239945739508
2025-03-11,10281.007882893326,12340.714080865513,0.6803239945739508
2025-03-12,10715.203127198782,12862.135952806804,0.6803239945739508
2025-03-13,10640.192838390814,12772.334255765854,0.6803239945739508
2025-03-14,10799.714369456688,12964.063071875298,0.6803239945739508
2025-03-17,11271.407655540714,13531.043501953587,0.6803239945739508
2025-03-18,11297.624791423807,13562.769137978014,0.6803239945739508
2025-03-19,11425.998976302531,13717.137506734167,0.6803239945739508
2025-03-20,11678.515954448856,14020.550273297107,0.6803239945739508
2025-03-21,11859.352827585975,14237.917750055625,0.6803239945739508
2025-03-24,11698.789405921101,14045.93583508816,0.6803239945739508
2025-03-25,11378.114936346014,13661.178396634852,0.6803239945739508
2025-03-26,11574.603298749988,13897.351771657304,0.6803239945739508
2025-03-27,11250.871492932205,13508.906283060282,0.6803239945739508
2025-03-28,10853.470440760413,13031.990106391024,0.6803239945739508
2025-03-31,10277.377116432723,12340.952300625619,0.6803239945739508
2025-04-01,10610.717593400175,12741.460905096186,0.6803239945739508
2025-04-02,10501.800840967215,12610.907416748796,0.6803239945739508
2025-04-03,10358.52141807569,12439.084468501083,0.6803239945739508
2025-04-04,9949.288723228277,11947.877792673797,0.6803239945739508
2025-04-07,9189.85811893363,11036.511276462079,0.6803239945739508
2025-04-08,9354.089281543973,11233.953061122369,0.6803239945739508
2025-04-09,9159.02535621896,10999.892596092564,0.6803239945739508
2025-04-10,9939.00637111115,11936.863881615347,0.6803239945739508
2025-04-11,9915.872471160348,11909.301616478728,0.6803239945739508
2025-04-14,9974.99541711027,11980.979739490704,0.6803239945739508
2025-04-15,10019.549791524318,12034.718213087031,0.6803239945739508
2025-04-16,9578.428628128628,11505.091444172369,0.6803239945739508
2025-04-17,9846.027314229117,11826.736825210744,0.6803239945739508
2025-04-18,10055.436867574597,12078.497935282547,0.6803239945739508
2025-04-21,10151.344181132456,12194.382283907225,0.6803239945739508
2025-04-22,9998.52877139384,12011.03528381141,0.6803239945739508
2025-04-23,10721.845519705665,12880.1813233861,0.6803239945739508
2025-04-24,10545.851095196667,12668.994728223799,0.6803239945739508
2025-04-25,10712.969914818841,12869.99846218132,0.6803239945739508
2025-04-28,10347.58610349002,12431.740205057737,0.6803239945739508
2025-04-29,10426.49260535538,12526.772944754977,0.6803239945739508
2025-04-30,10245.062165999007,12309.024987061994,0.6803239945739508
2025-05-02,10349.586007227852,12435.06934612769,0.6803239945739508
2025-05-07,10503.757385716008,12621.482224754509,0.6803239945739508
2025-05-08,10483.094382742416,12596.887859656003,0.6803239945739508
2025-05-09,10412.20087695489,12511.932553003444,0.6803239945739508
2025-05-12,10914.125060091017,13115.807970498428,0.6803239945739508
2025-05-13,10961.322569196976,13172.77188617699,0.6803239945739508
2025-05-14,11320.53300964625,13604.706514565862,0.6803239945739508
2025-05-15,11009.504329788759,13231.167208347455,0.6803239945739508
2025-05-16,11324.008236620835,13609.38991695382,0.6803239945739508
2025-05-19,10884.001509938533,13081.313112052221,0.6803239945739508
2025-05-20,10817.899119232548,13002.107846901174,0.6803239945739508
2025-05-21,10776.421211826844,12952.496514846749,0.6803239945739508
2025-05-22,10437.203158507273,12545.01405626141,0.6803239945739508
2025-05-23,10342.027511610904,12430.849061750958,0.6803239945739508
2025-05-26,10684.683576168627,12843.430406592033,0.6803239945739508
2025-05-27,10514.596798331342,12639.21450033296,0.6803239945739508
2025-05-28,10831.537678307008,13020.440125706982,0.6803239945739508
2025-05-29,10902.466362704456,13105.94661651002,0.6803239945739508
2025-05-30,10547.600993213624,12679.596136779255,0.6803239945739508
2025-06-02,10596.512175341877,12739.105581565718,0.6803239945739508
2025-06-04,10891.011585830016,13093.639932141077,0.6803239945739508
2025-06-05,11124.7283232646,13374.873309016375,0.6803239945739508
2025-06-09,11207.674827683404,13475.60092682208,0.6803239945739508
2025-06-10,11064.005518272237,13303.107234463863,0.6803239945739508
2025-06-11,11456.459760286729,13775.24181720695,0.6803239945739508
2025-06-12,11400.121778067294,13707.75637335569,0.6803239945739508
2025-06-13,11117.79308370935,13368.527162178754,0.6803239945739508
2025-06-16,11321.726288558999,13614.50620565409,0.6803239945739508
2025-06-17,11364.66158097313,13666.39093803605,0.6803239945739508
2025-06-18,11424.015633010767,13738.022081513815,0.6803239945739508
2025-06-19,11493.168497685298,13821.439732139,0.6803239945739508
2025-06-20,11654.802612697362,14016.078539672804,0.6803239945739508
2025-06-23,11388.43863050389,13696.514221031348,0.6803239945739508
2025-06-24,11830.924798255492,14228.943338815046,0.6803239945739508
2025-06-25,12122.798490475714,14580.248687158974,0.6803239945739508
2025-06-26,12353.73025972793,14858.270102582963,0.6803239945739508
2025-06-27,12158.775066558992,14624.062954760682,0.6803239945739508
2025-06-30,12174.504461840535,14643.799841207634,0.6803239945739508
2025-07-01,11932.55360363817,14353.042608607844,0.6803239945739508
2025-07-02,11787.165774232277,14178.427303455495,0.6803239945739508
2025-07-03,12095.0381600115,14549.028728350884,0.6803239945739508
2025-07-04,11825.0483213272,14224.524964813832,0.6803239945739508
2025-07-07,11666.962616827519,14035.145562996155,0.6803239945739508
2025-07-08,11833.8884699516,14236.219515589504,0.6803239945739508
2025-07-09,11687.200793706454,14060.015480954342,0.6803239945739508
2025-07-10,11882.60400836285,14295.357044147335,0.6803239945739508
2025-07-11,11918.675025020533,14339.019328535129,0.6803239945739508
2025-07-14,11747.460000982503,14133.825133710612,0.6803239945739508
2025-07-15,11934.54828972927,14359.185769079684,0.6803239945739508
2025-07-16,11933.694296540483,14358.425716315925,0.6803239945739508
2025-07-17,11748.287945281962,14135.611116739234,0.6803239945739508
2025-07-18,11704.696517461116,14083.423963688922,0.6803239945739508
2025-07-21,11780.696395546984,14175.661254166345,0.6803239945739508
2025-07-22,11519.536846475929,13861.667279272879,0.6803239945739508
2025-07-23,11489.160883238053,13825.372842806206,0.6803239945739508
2025-07-24,11359.01536663296,13669.018066937417,0.6803239945739508
2025-07-25,11315.648722745927,13617.085885682582,0.6803239945739508
2025-07-28,11676.935224824112,14052.637969234762,0.6803239945739508
2025-07-29,11649.132739288745,14019.440120752824,0.6803239945739508
2025-07-30,11814.640652432978,14218.889597649468,0.6803239945739508
2025-07-31,11832.913105547914,14241.145702196838,0.6803239945739508
2025-08-01,11282.452614608217,13578.908499044946,0.6803239945739508
2025-08-04,11385.488044263973,13703.681694795754,0.6803239945739508
2025-08-05,11576.149863032626,13933.423595884464,0.6803239945739508
2025-08-06,11521.5488340808,13867.962357457835,0.6803239945739508
2025-08-07,11682.525950419817,14061.985080827493,0.6803239945739508
2025-08-08,11710.791962653315,14096.270778939106,0.6803239945739508
2025-08-11,11857.750148246432,14273.961794466504,0.6803239945739508
2025-08-12,11848.132936670425,14262.650572664383,0.6803239945739508
2025-08-13,12056.761273179438,14514.065380013011,0.6803239945739508
2025-08-14,12045.136626168638,14500.341580703442,0.6803239945739508
2025-08-18,11646.507610691611,14021.503126409381,0.6803239945739508
2025-08-19,11582.480379602142,13944.678976513256,0.6803239945739508
2025-08-20,11375.038901728214,13695.185759138552,0.6803239945739508
2025-08-21,11244.430521119068,13538.189575880642,0.6803239945739508
2025-08-22,11446.186229253692,13781.358258911414,0.6803239945739508
2025-08-25,11706.076352114787,14095.056943929403,0.6803239945739508
2025-08-26,11697.492467765274,14084.983602761733,0.6803239945739508
2025-08-27,11668.795395550898,14050.6910842334,0.6803239945739508
2025-08-28,11669.890639704614,14052.27163169687,0.6803239945739508
2025-08-29,11803.052797283515,14212.883261446399,0.6803239945739508
2025-09-01,11576.658011059968,13941.044394041772,0.6803239945739508
2025-09-02,11716.403720467762,14109.594206007276,0.6803239945739508
2025-09-03,11847.170035778838,14267.336567128443,0.6803239945739508
2025-09-04,12033.08436668692,14491.499812908132,0.6803239945739508
2025-09-05,12070.88488953934,14537.293929783425,0.6803239945739508
2025-09-08,12292.555069233988,14805.084580609202,0.6803239945739508
2025-09-09,12559.451719453687,15126.815164224685,0.6803239945739508
2025-09-10,12861.961089192015,15491.45108604471,0.6803239945739508
2025-09-11,13089.37925467193,15765.656106013354,0.6803239945739508
2025-09-12,13397.708203922833,16137.327091527455,0.6803239945739508
2025-09-15,14155.348193434957,17050.845172390007,0.6803239945739508
2025-09-16,14398.124552508829,17343.604827811403,0.6803239945739508
2025-09-17,14149.670392802886,17044.640907358236,0.6803239945739508
2025-09-18,14757.113231577556,17776.69542365254,0.6803239945739508
2025-09-19,14883.365270660433,17929.11494432311,0.6803239945739508
2025-09-22,15273.585697986506,18400.218670801292,0.6803239945739508
2025-09-23,15613.033437463684,18809.50459541834,0.6803239945739508
2025-09-24,15676.864186649826,18886.75525746639,0.6803239945739508
2025-09-25,15565.424145135003,18752.846778599083,0.6803239945739508
2025-09-26,15095.057221345502,18186.498818114465,0.6803239945739508
2025-09-29,15280.418457385633,18410.850432673655,0.6803239945739508
2025-09-30,15350.934889585651,18496.157763261002,0.6803239945739508
2025-10-01,15719.67471173954,18940.800752361152,0.6803239945739508
2025-10-02,16363.157087264384,19716.5066461362,0.6803239945739508
2025-10-10,17541.321940226153,21139.265756080935,0.6803239945739508
2025-10-13,17721.54620390007,21357.649635526934,0.6803239945739508
2025-10-14,17259.051764523036,20800.648107270685,0.6803239945739508
2025-10-15,18191.335887785623,21924.647401494167,0.6803239945739508
2025-10-16,18663.929437044506,22494.64780503328,0.6803239945739508
2025-10-17,18706.842593388366,22546.78871894651,0.6803239945739508
2025-10-20,19199.729142567503,23142.142975860545,0.6803239945739508
2025-10-21,18995.238435623498,22896.089231211678,0.6803239945739508
2025-10-22,19175.80446558748,23114.16671537549,0.6803239945739508
2025-10-23,18912.590583712677,22797.31809953278,0.6803239945739508
2025-10-24,19531.412687808497,23543.687450129695,0.6803239945739508
2025-10-27,19882.645867419324,23968.41257319349,0.6803239945739508
2025-10-28,19405.806581616685,23394.02135552285,0.6803239945739508
2025-10-29,19803.006393022326,23873.296970955987,0.6803239945739508
2025-10-30,20063.223823035514,24187.449750425105,0.6803239945739508
2025-10-31,20209.56905207166,24364.331728753314,0.6803239945739508
2025-11-03,20754.391339391233,25022.55887595137,0.6803239945739508
2025-11-04,20129.428720166932,24269.52392426951,0.6803239945739508
2025-11-05,19396.728970951954,23386.56266185054,0.6803239945739508
2025-11-06,19493.781561484207,23504.016386370262,0.6803239945739508
2025-11-07,19025.745732758474,22940.124129898173,0.6803239945739508
2025-11-10,19475.684714396695,23483.94624601335,0.6803239945739508
2025-11-11,19752.475041722577,23818.146011091423,0.6803239945739508
2025-11-12,19695.798581567422,23750.246150456078,0.6803239945739508
2025-11-13,19810.427046113567,23888.916229650666,0.6803239945739508
2025-11-14,18596.29824860071,22425.24528305199,0.6803239945739508
2025-11-17,19459.117993298296,23467.029420717252,0.6803239945739508
2025-11-18,18525.90432720184,22342.021861831563,0.6803239945739508
2025-11-19,18177.824370324066,21922.6498732991,0.6803239945739508
2025-11-20,18438.288248928675,22237.186273915737,0.6803239945739508
2025-11-21,17200.391172978634,20744.627790757335,0.6803239945739508
2025-11-24,17206.13501794842,20752.714758374634,0.6803239945739508
2025-11-25,17321.220584897033,20891.911235613097,0.6803239945739508
2025-11-26,17775.577742814938,21440.331395739,0.6803239945739508
2025-11-27,18014.416816466895,21728.816140184746,0.6803239945739508
2025-11-28,17840.711978078994,21519.695860263408,0.6803239945739508
2025-12-01,18137.193399008822,21878.53803439991,0.6803239945739508
2025-12-02,18399.90042678473,22195.84974919798,0.6803239945739508
2025-12-03,18507.862436846655,22326.500465880417,0.6803239945739508
2025-12-04,18123.137834938865,21862.804706251296,0.6803239945739508
2025-12-05,18389.701037055056,22184.785810036217,0.6803239945739508
2025-12-08,18755.81172310414,22627.71513975008,0.6803239945739508
2025-12-09,18503.11264091006,22323.265274685717,0.6803239945739508
2025-12-10,18556.631687527344,22388.250865182887,0.6803239945739508
2025-12-11,18270.358756819205,22043.278168246572,0.6803239945739508
2025-12-12,18330.566016803423,22116.33046183714,0.6803239945739508
2025-12-15,17870.947589388645,21562.993074119127,0.6803239945739508
2025-12-16,17338.734456485192,20921.21713304059,0.6803239945739508
2025-12-17,17951.69525899767,21661.229707948907,0.6803239945739508
2025-12-18,17748.21945461279,21416.1066015412,0.6803239945739508
2025-12-19,17635.482283312092,21280.467279656605,0.6803239945739508
2025-12-22,18667.001143818594,22526.444022909676,0.6803239945739508
2025-12-23,18765.349835236808,22645.548313010593,0.6803239945739508
2025-12-24,18681.776254552162,22545.113758407537,0.6803239945739508
2025-12-26,19276.9096290967,23264.185617183477,0.6803239945739508
2025-12-29,19725.58709880101,23806.99869716008,0.6803239945739508
2025-12-30,19732.30816914369,23815.554007226317,0.6803239945739508
2026-01-02,21460.86967857308,25903.25755449166,0.6803239945739508
2026-01-05,22761.057801617673,27474.119017185996,0.6803239945739508
2026-01-06,23776.457377341652,28700.308783947963,0.6803239945739508
2026-01-07,23620.05243022947,28512.045098762996,0.6803239945739508
2026-01-08,23920.814081891964,28875.63588636135,0.6803239945739508
2026-01-09,23304.73698846689,28132.47206965449,0.6803239945739508
2026-01-12,22946.311038894462,27701.343572521237,0.6803239945739508
2026-01-13,23115.82268042036,27906.501924029475,0.6803239945739508
2026-01-14,23511.76580109297,28385.031668707747,0.6803239945739508
2026-01-15,23648.84791147018,28551.058473562018,0.6803239945739508
2026-01-16,23850.962028579248,28795.605519699013,0.6803239945739508
2026-01-19,23792.164509934373,28726.22353585607,0.6803239945739508
2026-01-20,23192.393373231418,28002.592427472933,0.6803239945739508
2026-01-21,22841.346349890555,27579.250476892925,0.6803239945739508
2026-01-22,22827.93010741858,27563.564744534437,0.6803239945739508
2026-01-23,22940.189805918704,27699.628552531216,0.6803239945739508
2026-01-26,23197.385944355712,28011.750769651357,0.6803239945739508
2026-01-27,24687.326411998853,29811.46742106994,0.6803239945739508
2026-01-28,25850.504736057035,31216.658339640122,0.6803239945739508
2026-01-29,26937.13856856446,32529.465962585444,0.6803239945739508
2026-01-30,27898.893937391273,33691.51561588769,0.6803239945739508
2026-02-02,25624.293544488184,30946.371184720414,0.6803239945739508
2026-02-03,27700.744178681005,33454.71659865707,0.6803239945739508
2026-02-04,28066.66940308981,33897.282832799494,0.6803239945739508
2026-02-05,26397.857304590023,31882.38295919827,0.6803239945739508
2026-02-06,26584.2768682445,32108.131848898105,0.6803239945739508
2026-02-09,28165.258649238956,34019.52123093856,0.6803239945739508
2026-02-10,27545.560393307045,33271.6359081466,0.6803239945739508
2026-02-11,27135.280537471903,32776.67899493862,0.6803239945739508
2026-02-12,28383.536556655356,34285.08481849634,0.6803239945739508
2026-02-13,28203.991615591636,34068.84318229559,0.6803239945739508
2026-02-19,29436.621582612213,35561.76503836013,0.6803239945739508
2026-02-20,29721.689592245828,35906.818518023116,0.6803239945739508
2026-02-23,29424.02986996399,35549.20168822564,0.6803239945739508
2026-02-24,30329.634737521275,36644.00797247426,0.6803239945739508
2026-02-25,30473.229874576882,36818.18417378535,0.6803239945739508
2026-02-26,33831.136812685865,40876.015833837766,0.6803239945739508
2026-02-27,34866.79055972089,42128.11521273027,0.6803239945739508
2026-03-03,32718.579902380945,39535.465617608876,0.6803239945739508
2026-03-04,29716.117745562064,35908.112082018364,0.6803239945739508
2026-03-05,35467.89831624631,42859.1985360755,0.6803239945739508
2026-03-06,36341.817613904015,43916.055422662736,0.6803239945739508
2026-03-09,33335.51253887878,40285.43746134031,0.6803239945739508
2026-03-10,35986.21469135755,43489.57894651606,0.6803239945739508
2026-03-11,35272.38579142077,42627.705969941315,0.6803239945739508
2026-03-12,34906.32718719006,42186.099235221925,0.6803239945739508
2026-03-13,34337.84740222089,41499.835026593035,0.6803239945739508
2026-03-16,34729.01742265565,41974.938381611595,0.6803239945739508
2026-03-17,34372.19139355316,41544.437368929044,0.6803239945739508
2026-03-18,36029.41939687676,43548.280661613615,0.6803239945739508
2026-03-19,34948.62098110643,42242.72078132519,0.6803239945739508
2026-03-20,36051.07474215327,43576.0784628292,0.6803239945739508
2026-03-23,34104.877218670284,41225.951261829294,0.6803239945739508
2026-03-24,35159.823716508756,42501.961473799725,0.6803239945739508
2026-03-25,35097.21870641927,42427.07341547462,0.6803239945739508
2026-03-26,33213.20136511807,40150.337593712095,0.6803239945739508
2026-03-27,32897.66227037583,39769.633592702136,0.6803239945739508
2026-03-30,31125.326665674216,37629.17850834258,0.6803239945739508
2026-03-31,29355.367000015023,35490.034587929265,0.6803239945739508
2026-04-01,32297.57481713576,39047.83059136764,0.6803239945739508
2026-04-02,30187.172519810374,36497.02991137209,0.6803239945739508
2026-04-03,31073.46946582349,37569.28435872168,0.6803239945739508
2026-04-06,31113.238026502244,37619.46842890903,0.6803239945739508
2026-04-07,31541.715506331566,38138.2571387735,0.6803239945739508
2026-04-08,34625.10808825351,41867.28119471507,0.6803239945739508
2026-04-09,34060.49682302919,41185.34318817087,0.6803239945739508
2026-04-10,34531.18638381795,41755.270311151646,0.6803239945739508
2026-04-13,34224.693358841796,41386.97005121887,0.6803239945739508
2026-04-14,35177.771079896425,42540.2927903034,0.6803239945739508
2026-04-15,36667.18268770007,44342.256296745465,0.6803239945739508
2026-04-16,37114.07532637873,44883.52726720691,0.6803239945739508
2026-04-17,36500.1084418233,44141.85487927534,0.6803239945739508
2026-04-20,37977.19143174302,45930.74976278752,0.6803239945739508
2026-04-21,40709.304460580504,49235.965937482564,0.6803239945739508
2026-04-22,40803.262611505,49350.52304686151,0.6803239945739508
2026-04-23,40544.05525863177,49037.93162885184,0.6803239945739508
2026-04-24,41753.564912962895,50501.771118300276,0.6803239945739508
2026-04-27,44341.98945215074,53635.51924184624,0.6803239945739508
2026-04-28,44229.56660214284,53500.53045597198,0.6803239945739508
2026-04-29,43696.045760731926,52856.16275201035,0.6803239945739508
2026-04-30,43263.666271217626,52334.117183471855,0.6803239945739508
2026-05-04,45594.706159988826,55157.980855629066,0.6803239945739508
2026-05-06,48515.27657758712,58693.31354341985,0.6803239945739508
2026-05-07,49210.356834975035,59535.32383241042,0.6803239945739508
2026-05-08,49350.09707552035,59705.49544525944,0.6803239945739508
2026-05-11,52962.98385446774,64080.07435605592,0.6803239945739508
2026-05-12,50713.237928234026,61359.24282704733,0.6803239945739508
2026-05-13,53674.09058502633,64942.86375735372,0.6803239945739508
2026-05-14,54150.16128680863,65520.10496848227,0.6803239945739508
2026-05-15,48524.13164454636,58713.86791603705,0.6803239945739508
2026-05-18,50577.36506270536,61201.68601406672,0.6803239945739508
2026-05-19,48588.41506724672,58796.0307529886,0.6803239945739508
2026-05-20,48634.58244776196,58852.99332069899,0.6803239945739508
2026-05-21,53069.86360178302,64221.349226230996,0.6803239945739508
2026-05-22,55262.1911025278,66875.59261971104,0.6803239945739508
2026-05-26,57716.07476753163,69850.366063919,0.6803239945739508
2026-05-27,58045.94881850795,70250.90168655613,0.6803239945739508
2026-05-28,55730.954319961995,67450.40432800932,0.6803239945739508
2026-05-29,55610.57527689181,67305.96486947527,0.6803239945739508
2026-06-01,56154.72704355922,67968.3542800574,0.6803239945739508
2026-06-02,56758.08214209916,68699.92062824446,0.6803239945739508
2026-06-04,60873.8529871206,73684.38998977085,0.6803239945739508
2026-06-05,55363.84707417139,67016.08463840777,0.6803239945739508
2026-06-08,49634.35938404462,60084.08871164909,0.6803239945739508
2026-06-09,55164.04099812739,66779.20115281237,0.6803239945739508
2026-06-10,53308.56334430196,64534.242198220956,0.6803239945739508
2026-06-11,57570.00510608925,69694.35341601091,0.6803239945739508
2026-06-12,60053.678733011286,72702.44739793461,0.6803239945739508
2026-06-15,61153.01317530577,74037.46536331515,0.6803239945739508
2026-06-16,60617.77656139874,73390.82563413949,0.6803239945739508
2026-06-17,61413.22746265823,74355.27456918116,0.6803239945739508
2026-06-18,62295.97301547115,75425.45225114316,0.6803239945739508
2026-06-19,60520.695053573996,73277.38213484721,0.6803239945739508
2026-06-22,62126.425708290524,75225.77556693809,0.6803239945739508
2026-06-23,54946.57943884525,66533.29876394554,0.6803239945739508
2026-06-24,56053.37457173974,67874.75071700831,0.6803239945739508
2026-06-25,58361.938659278014,70671.49573689075,0.6803239945739508
2026-06-26,55424.633898287524,67115.91194886617,0.6803239945739508
2026-06-29,55394.91912599971,67083.67748318099,0.6803239945739508
2026-06-30,57801.49075657347,69999.35822867102,0.6803239945739508
2026-07-01,58881.50791832781,71308.61995265941,0.6803239945739508
2026-07-02,51776.300596332425,62705.00607481984,0.6803239945739508
2026-07-03,52909.705584026284,64078.83854666183,0.6803239945739508
2026-07-06,51922.80996900051,62887.12510103376,0.6803239945739508
2026-07-07,48487.70160032296,58727.73361789205,0.6803239945739508
2026-07-08,45306.61018819579,54875.85524447705,0.6803239945739508
2026-07-09,47445.656935033214,57467.762139822524,0.6803239945739508
2026-07-10,49554.97609522503,60023.75785604242,0.6803239945739508
2026-07-13,45775.84313041803,55449.3589719058,0.6803239945739508
2026-07-14,47598.84831631495,57658.682117012766,0.6803239945739508
2026-07-15,53051.246037649726,64264.62014520201,0.6803239945739508
2026-07-16,48467.34131054701,58712.91491279609,0.6803239945739508
2026-07-20,45621.6227886916,55269.753860909885,0.6803239945739508
2026-07-21,46287.608349893875,56077.62757139841,0.6803239945739508
2026-07-22,45470.67616963024,55088.9369622323,0.6803239945739508
2026-07-23,47428.72586302571,57462.2366767883,0.6803239945739508
2026-07-24,43078.12963619792,52192.24726154436,0.6803239945739508
2026-07-27,44134.067211554066,53474.57938187735,0.6803239945739508
2026-07-28,38281.25350269453,46383.943015666984,0.6803239945739508
